0.0006260920000045189,20720
0.0012522220000050766,20736
0.0018784439999990354,20736
0.002504481000016767,20752
0.0031311110000160625,20752
0.003757870000015373,20768
0.004384500000014668,20768
0.005010463000019172,20768
0.005636889000015799,20768
0.006263240000009773,20784
0.0068897400000196285,20784
0.007515925999996398,20784
0.008142092000014145,20800
0.008768222000014703,20800
0.00939451800002189,20800
0.010020926000009922,20800
0.01064733300000853,20784
0.01127338899999586,20800
0.011899814000003062,20800
0.012526629000007006,20816
0.013152851000000965,20800
0.013779426000013473,20784
0.014405611000000818,20784
0.015031684999996742,20784
0.015658370000011246,20784
0.016284721999994645,20768
0.016911184999997886,20768
0.017537648000001127,20752
0.018164370000022245,20768
0.01879044400001817,20752
0.01941648100000748,20752
0.020042796000012686,20736
0.020669203000011294,20736
0.02129570300002115,20752
0.02192251799999667,20752
0.022548851000010472,20752
0.023175481000009768,20752
0.023802296000013712,20768
0.024428574000012304,20752
0.02505537000001823,20768
0.02568194400001289,20784
0.026308370000009518,20752
0.026934666000016705,20752
0.027561240000011367,20752
0.028187370000011924,20752
0.028813833000015165,20752
0.029440240000013773,20768
0.030066962999995894,20768
0.0306936480000104,20768
0.03131983299999774,20768
0.031945870000015475,20768
0.0325726660000214,20800
0.033199407000012116,20784
0.03382583300000874,20752
0.03445231400002058,20752
0.035079074000009314,20752
0.03570540699999469,20752
0.03633196300000918,20752
0.03695816600000512,20736
0.037584148000007644,20720
0.03821044400001483,20720
0.03883644399999753,20704
0.03946266600001991,20720
0.04008937000000401,20704
0.04071548100000655,20704
0.04134166599999389,20720
0.04196794400002091,20720
0.04259483300000966,20736
0.043220833000020775,20720
0.04384746300002007,20736
0.04447403700001473,20736
0.045100165999997444,20736
0.04572677699999872,20752
0.046353406999998015,20752
0.046979944000014484,20752
0.04760592600001701,20752
0.04823200000001293,20768
0.04885844400001815,20800
0.049484591999998884,20800
0.050110648000014635,20768
0.050736999999998034,20784
0.05136309200000255,20784
0.05198994400001311,20768
0.052616203000013684,20768
0.053242981000011014,20768
0.05386909200001355,20768
0.05449538800002074,20752
0.05512148100001468,20736
0.055747870000004696,20720
0.05637387000001581,20736
0.05699998100001835,20720
0.05762657400001103,20752
0.05825338799999713,20736
0.058879611000008936,20752
0.05950585100001149,20752
0.06013253700001542,20752
0.0607592220000015,20736
0.06138579599999616,20752
0.06201251800001728,20752
0.06263912900001856,20752
0.06326553700000659,20752
0.06389196300000322,20768
0.06451833299999521,20768
0.06514511100002096,20768
0.06577120299999706,20784
0.06639800000002083,20784
0.06702462900000228,20784
0.06765112900001213,20800
0.06827735100000609,20784
0.06890353700001128,20800
0.06953035099999738,20800
0.07015692600000989,20800
0.07078346299999794,20800
0.07140975900000512,20800
0.0720362960000216,20800
0.07266261099999838,20800
0.07328886999999895,20800
0.0739153880000174,20800
0.07454170299999419,20784
0.07516800000001922,20784
0.0757947030000139,20768
0.0764213700000198,20768
0.0770478139999966,20768
0.07767388800002095,20752
0.07829986999999505,20736
0.07892666600000098,20752
0.07955277700000352,20752
0.08017894400001069,20736
0.08080553700000337,20752
0.08143225899999607,20752
0.0820583699999986,20752
0.08268488800001705,20752
0.08331129600000509,20768
0.08393737000000101,20768
0.08456333300000551,20768
0.08519016600001805,20768
0.08581614800002058,20784
0.08644285100001525,20784
0.08706957399999737,20800
0.08769583299999795,20800
0.08832238799999459,20784
0.08894877700001302,20800
0.08957535100000769,20800
0.09020161099999768,20816
0.09082835099999897,20816
0.09145466600000418,20800
0.09208131400001207,20800
0.09270777700001531,20704
0.09333407400001192,20624
0.09396022200002108,20624
0.09458696300001179,20736
0.0952133700000104,20768
0.09583983300001364,20704
0.09646633299999507,20720
0.09709283300000493,20752
0.09771931400001677,20752
0.09834585100000481,20736
0.09897222200001465,20736
0.09959892500000933,20672
0.10022529600001917,20704
0.10085187000001383,20736
0.10147822199999723,20736
0.10210437000000638,20768
0.10273033300001089,20752
0.1033568139999943,20752
0.10398322200001076,20768
0.10461007400002131,20768
0.1052360920000126,20768
0.10586214799999993,20768
0.10648838800000249,20784
0.10711477700002092,20800
0.10774142500000039,20800
0.1083680000000129,20800
0.10899485100000561,20800
0.10962142500000027,20800
0.11024827700001083,20800
0.11087451800000281,20816
0.11150064800000337,20800
0.11212698100001717,20800
0.11275333300000057,20800
0.11337966600001437,20800
0.11400648100001831,20784
0.11463301800000636,20784
0.11525925899999834,20768
0.11588533299999426,20768
0.11651131400000736,20768
0.1171374250000099,20768
0.11776416600000061,20752
0.1183904439999992,20752
0.1190164250000123,20752
0.1196429630000182,20752
0.12026929600000358,20752
0.12089566599999557,20752
0.12152209200002062,20752
0.12214879600000472,20736
0.12277494400001387,20768
0.12340092499999855,20752
0.12402700000001232,20768
0.12465348099999574,20768
0.12527987000001417,20768
0.12590612900001474,20768
0.12653238800001532,20784
0.12715837000001784,20800
0.12778477700001645,20800
0.12841138800001772,20800
0.12903774000000112,20800
0.1296642960000156,20800
0.13029068500000562,20800
0.1309169810000128,20800
0.13154351800000086,20800
0.1321703330000048,20800
0.13279720299999553,20784
0.13342340700000932,20800
0.13405018500000665,20784
0.1346770370000172,20784
0.13530329600001778,20768
0.1359296850000078,20768
0.13655586999999514,20768
0.1371819630000175,20752
0.13780881400001022,20752
0.13843494400001077,20752
0.1390609630000199,20752
0.13968751800001655,20736
0.14031431399999406,20736
0.14094088800001714,20736
0.1415676850000125,20752
0.14219438800000717,20768
0.14282122200000913,20752
0.14344729600000505,20768
0.14407368499999507,20768
0.14470037000000957,20768
0.1453264440000055,20784
0.1459528510000041,20784
0.14657966600000805,20800
0.14720629600000734,20800
0.1478331849999961,20800
0.14845961100002114,20800
0.14908574000000385,20800
0.14971229600001834,20816
0.15033881400000837,20800
0.1509649070000023,20800
0.15159101800000485,20800
0.15221781400001078,20800
0.15284425900000542,20800
0.1534704630000192,20784
0.15409672200001978,20784
0.1547235369999953,20784
0.15535037000000784,20768
0.1559772220000184,20768
0.15660396300000912,20768
0.15723055500001237,20768
0.15789335100001267,20752
0.1585193700000218,20752
0.15914566600000057,20752
0.15977225900002168,20752
0.16039898100001437,20752
0.16102501800000368,20736
0.16165105500002142,20752
0.1622773699999982,20752
0.16290416600000412,20752
0.16353050000000735,20752
0.1641570000000172,20768
0.16478355500001385,20768
0.16540990699999725,20768
0.16603657400000316,20768
0.1666631660000064,20784
0.16728966600001627,20800
0.1679157770000188,20784
0.1685423700000115,20800
0.16916870299999687,20800
0.1697955180000008,20800
0.17042170300001658,20816
0.17104779600001052,20800
0.17167438800001378,20800
0.17230048100000772,20800
0.17292653699999505,20800
0.1735531289999983,20800
0.17417925899999886,20784
0.17480594400001337,20784
0.17543214799999873,20784
0.17605816600001845,20768
0.17668414800002097,20752
0.1773106480000024,20752
0.1779373880000037,20752
0.17856337000000622,20752
0.17918985100001805,20752
0.17981625900000608,20752
0.18044227699999738,20736
0.1810686660000158,20736
0.18169516599999724,20752
0.18232162900000048,20768
0.18294809200000373,20752
0.1835746110000116,20752
0.1842013330000043,20752
0.18482792500000755,20784
0.18545411100001274,20784
0.18608016600001065,20784
0.1867061850000198,20784
0.18733288800001446,20784
0.18795940699999392,20800
0.18858559200000968,20800
0.18921181400000364,20800
0.18983859200000097,20816
0.19046535100000028,20800
0.19109185100001014,20816
0.1917184069999962,20800
0.19234459200001197,20800
0.19297083300000395,20800
0.1935976850000145,20784
0.19422375900001043,20784
0.1948503510000137,20704
0.195476388000003,20624
0.19610240700001214,20624
0.19672888799999555,20688
0.1973557400000061,20752
0.19798188800001526,20752
0.19860859199999936,20752
0.19923535099999867,20752
0.19986220300000923,20752
0.20048822200001837,20736
0.20111481400002162,20752
0.20174085100001093,20752
0.2023670920000029,20752
0.2029936110000108,20768
0.20361998100000278,20768
0.20424657399999546,20768
0.20487266599999998,20784
0.20549922200001447,20784
0.20612579600000913,20784
0.20675224000001435,20800
0.20737872200001561,20800
0.2080047030000003,20800
0.2086306850000028,20800
0.20925690699999677,20800
0.20988353699999607,20816
0.21050996200000327,20800
0.21113624000000186,20800
0.21176246199999582,20800
0.21238918500000636,20800
0.21301553700001818,20784
0.21364220300000625,20784
0.21426840700002003,20784
0.21489448100001596,20768
0.21552092500002118,20768
0.21614755500002047,20768
0.21677414800001316,20752
0.21740049999999655,20752
0.21802720300001965,20752
0.2186533140000222,20752
0.21927949999999896,20752
0.21990607400002204,20736
0.2205327220000015,20752
0.22115929599999617,20752
0.221785777000008,20752
0.22241220300000464,20736
0.22303887000001055,20752
0.22366561100000126,20768
0.22429198100002168,20768
0.2249188510000124,20768
0.2255450370000176,20768
0.22617112900002212,20768
0.22679766600001017,20800
0.2274238509999975,20800
0.22804998099999807,20800
0.2286767220000172,20800
0.2293027400000085,20800
0.22992881400000442,20800
0.23055490699999837,20816
0.23118109200001413,20800
0.23180716600001006,20800
0.23243316600002117,20800
0.23305974000001584,20784
0.23368655500001978,20784
0.23431253699999388,20784
0.23493872200000965,20784
0.23556514800000627,20768
0.23619137000000023,20768
0.23681803700000614,20752
0.2374446110000008,20768
0.23807111100001066,20752
0.238697295999998,20752
0.23932407399999533,20752
0.23995079600001645,20752
0.24057675900002096,20752
0.24120340700000042,20752
0.2418297030000076,20752
0.24245637000001352,20768
0.24308251799999425,20768
0.24370848099999876,20768
0.24433483300001058,20768
0.2449609070000065,20768
0.24558749900000976,20784
0.24621346200001426,20784
0.24683998100002214,20800
0.24746605500001806,20784
0.24809261100000413,20800
0.2487192220000054,20816
0.24934577700000204,20800
0.24997212900001387,20816
0.2505981660000032,20800
0.2512248510000177,20800
0.25185116599999446,20800
0.25247737000000825,20800
0.2531037960000049,20800
0.25373033300002135,20784
0.25435714799999687,20784
0.2549835180000173,20784
0.2556095550000066,20784
0.2562362220000125,20768
0.25686301800001843,20768
0.2574895550000065,20768
0.25811570300001563,20752
0.2587418699999944,20752
0.2593681480000214,20752
0.2599946480000028,20752
0.2606212770000127,20752
0.2612475740000093,20752
0.2618739990000165,20752
0.26250044400001116,20752
0.26312646200000245,20752
0.2637525549999964,20768
0.2643793510000023,20768
0.2650061850000043,20656
0.2656325549999963,20608
0.2662589990000015,20624
0.2668855919999942,20752
0.2675116110000033,20784
0.26813770300000783,20800
0.26876409199999785,20800
0.26939044400000967,20816
0.2700164440000208,20800
0.2706429620000108,20816
0.27126909200001137,20800
0.2718956289999994,20800
0.27252207399999406,20800
0.2731482400000118,20800
0.27377425900002095,20784
0.27440072199999577,20784
0.27502727700002083,20688
0.27565412900000297,20608
0.2762801850000187,20608
0.2769064990000061,20688
0.27753305500002057,20752
0.27815925900000593,20752
0.278785924999994,20752
0.27941222200001903,20736
0.28003901799999653,20736
0.2806652220000103,20752
0.28129166600001554,20752
0.2819177770000181,20752
0.28254442499999755,20752
0.2831707960000074,20752
0.2837969070000099,20752
0.284423610999994,20768
0.28505038800000193,20768
0.28567672200000516,20768
0.2863031850000084,20800
0.28692953600000237,20800
0.28755568500000095,20800
0.28818177700000547,20800
0.28880805500000406,20800
0.28943398100000195,20800
0.2900601660000177,20816
0.29068635100000506,20800
0.29131257400001687,20800
0.2919391110000049,20800
0.29256520300000943,20800
0.29319123999999874,20800
0.2938173880000079,20784
0.29444411100001844,20800
0.2950706660000151,20768
0.2956973880000078,20768
0.2963240740000117,20768
0.29695025899999905,20752
0.29757683300002213,20752
0.29820359200002144,20672
0.29882987000002004,20592
0.2994567220000022,20592
0.30008301800000936,20736
0.30070966600001725,20752
0.30133642500001656,20768
0.3019631850000053,20752
0.3025891850000164,20672
0.3032152030000077,20608
0.3038411850000102,20608
0.30446762900001545,20720
0.3050941850000015,20608
0.3057208879999962,20624
0.30634725900000603,20672
0.3069738330000007,20800
0.3075997770000072,20800
0.3082262030000038,20800
0.30885264799999845,20816
0.309478759000001,20816
0.3101055180000003,20816
0.3107321290000016,20816
0.3113584810000134,20800
0.3119844440000179,20800
0.3126108879999947,20784
0.31323718500001974,20784
0.3138634070000137,20784
0.31448999900001695,20784
0.3151167770000143,20784
0.3157430740000109,20768
0.3163694440000029,20768
0.31699629600001344,20752
0.3176229070000147,20768
0.31824942500000475,20736
0.3188759989999994,20752
0.31950198100000193,20752
0.3201281110000025,20752
0.32075470300000575,20752
0.32138064800000166,20752
0.32200738800000295,20752
0.32263364800002137,20752
0.3232597770000041,20752
0.32388633300001857,20752
0.3245130920000179,20768
0.3251396290000059,20768
0.3257659070000045,20768
0.32639268500000185,20784
0.3270190359999958,20784
0.32764503600000694,20800
0.32827174000001946,20800
0.328897722000022,20800
0.32952440700000807,20800
0.3301511479999988,20800
0.3307779810000113,20800
0.33140464800001723,20800
0.3320310180000092,20800
0.3326575920000039,20784
0.33328383299999587,20784
0.333909962000007,20784
0.33453677700001094,20768
0.3351632590000122,20784
0.3357892770000035,20768
0.33641549899999745,20752
0.33704170300001124,20752
0.33766798100000983,20752
0.33829470300000253,20752
0.338921259000017,20752
0.33954738799999973,20752
0.34017335100000423,20752
0.3408001850000062,20736
0.34142651800002,20752
0.34205264800002055,20752
0.3426788330000079,20752
0.3433050739999999,20768
0.3439318510000078,20768
0.3445585919999985,20768
0.34518470300000104,20784
0.34581129600002214,20784
0.3464376109999989,20784
0.3470640360000061,20800
0.3476904810000008,20800
0.34831668500001456,20800
0.3489432030000046,20800
0.3495694990000118,20800
0.35019562900001233,20816
0.3508222770000202,20816
0.35144846200000757,20800
0.3520745360000035,20800
0.35270090700001333,20800
0.35332687000001783,20800
0.3539534989999993,20784
0.3545794439999952,20784
0.35520607300000506,20768
0.3558320730000162,20768
0.35645822200001476,20752
0.3570847590000028,20752
0.35771090700001196,20752
0.3583371290000059,20752
0.3589637960000118,20752
0.3595901479999952,20752
0.36021625899999776,20752
0.3608426849999944,20736
0.3614686290000009,20736
0.3620945920000054,20752
0.36272120300000665,20752
0.36334712900000454,20752
0.36397311100000707,20768
0.3645992400000182,20768
0.3652259810000089,20768
0.3658522400000095,20784
0.3664788880000174,20784
0.3671056480000061,20800
0.36773216599999614,20800
0.3683581850000053,20800
0.368984906999998,20800
0.3696112960000164,20800
0.3702380550000157,20816
0.3708647400000018,20816
0.37149148100002094,20800
0.37211822200001166,20800
0.3727447960000063,20800
0.3733708139999976,20784
0.37399718500000745,20800
0.37462396200001535,20784
0.3752503700000034,20784
0.375876796,20768
0.3765035730000079,20752
0.3771301480000204,20752
0.3777561660000117,20752
0.3783824070000037,20752
0.3790084440000214,20752
0.37963472200002,20752
0.38026079600001594,20736
0.3808872959999974,20736
0.3815139990000205,20752
0.38214057300001514,20768
0.38276692499999854,20752
0.3833934250000084,20768
0.38401979600001823,20768
0.3846464249999997,20784
0.38527298100001417,20768
0.38589962900002206,20784
0.38652625900002135,20784
0.38715235099999745,20800
0.3877790920000166,20784
0.3884051290000059,20800
0.38903135099999986,20800
0.3896577590000163,20800
0.3902843700000176,20800
0.3909105179999983,20800
0.39153659199999424,20800
0.39216287000002126,20800
0.3927890550000086,20800
0.3934156660000099,20784
0.3940424250000092,20784
0.39466851800000313,20784
0.3952946850000103,20768
0.3959206290000168,20768
0.39654724000001806,20752
0.3971740730000022,20752
0.397800444000012,20752
0.39842722200000935,20752
0.39905399900001726,20672
0.39968070300000136,20592
0.4003068510000105,20592
0.40093329600000516,20656
0.40155998100001966,20752
0.4021867220000104,20768
0.40281322200002023,20768
0.40343964800001686,20752
0.40406633300000294,20768
0.40469238800000085,20768
0.40531905500000676,20784
0.40594564799999944,20784
0.4065722219999941,20800
0.40719849900000327,20784
0.407824536000021,20800
0.4084512770000117,20800
0.40907807300001764,20800
0.4097046660000103,20800
0.41033072199999765,20800
0.4109575180000036,20800
0.4115839620000088,20800
0.41221053600000346,20800
0.4128368700000067,20800
0.4134633510000185,20784
0.41409009200000924,20784
0.4147167400000171,20768
0.41534355500002107,20784
0.415969648000015,20768
0.4165962220000097,20768
0.4172226660000149,20752
0.4178487400000108,20752
0.4184749439999962,20736
0.41910111000001393,20752
0.41972788800001126,20752
0.42035459199999536,20752
0.4209813700000211,20736
0.4216074990000038,20736
0.42223344399999974,20752
0.42286012900001424,20768
0.4234863140000016,20752
0.4241130180000141,20752
0.42473944400001074,20768
0.42536592499999415,20768
0.42599227700000597,20768
0.42661861000001977,20784
0.4272453880000171,20784
0.42787155499999585,20784
0.4284981659999971,20800
0.42912455500001556,20800
0.42975057300000685,20800
0.43037685100000544,20800
0.4310034250000001,20800
0.4316293880000046,20800
0.43225596199999927,20800
0.43288205500002164,20800
0.4335082770000156,20784
0.4341349620000017,20784
0.4347609810000108,20784
0.4353872400000114,20768
0.436013666000008,20768
0.4366396100000145,20752
0.437265592000017,20752
0.43789212900000507,20752
0.43851872199999775,20752
0.4391453510000076,20768
0.43977129600000353,20736
0.44039727700001663,20752
0.44102370300001326,20736
0.4416505549999954,20752
0.4422772590000079,20752
0.4429032220000124,20752
0.44352931400001694,20768
0.44415562900002215,20768
0.4447818330000075,20768
0.4454078330000186,20768
0.4460344070000133,20784
0.44666064800000527,20784
0.4472870550000039,20800
0.44791368500000317,20784
0.4485398330000123,20800
0.4491657960000168,20800
0.44979183300000614,20800
0.45041851800002064,20800
0.45104527700001995,20800
0.4516720919999955,20800
0.45229872199999477,20800
0.4529248700000039,20784
0.45355129600000055,20784
0.454177685000019,20800
0.45480390700001294,20784
0.4554305359999944,20768
0.45605731400002014,20768
0.45668342499999426,20752
0.4573097589999975,20752
0.4579365550000034,20752
0.45856305500001326,20752
0.4591895549999947,20752
0.45981574000001046,20736
0.4604419620000044,20752
0.4610682219999944,20736
0.461694480999995,20736
0.462320888000022,20752
0.46294699899999614,20752
0.4635731479999947,20752
0.46419951800001513,20768
0.46482631400002106,20784
0.46545266600000446,20784
0.46607894400000305,20800
0.46670499900000095,20800
0.46733155500001544,20800
0.4679577400000028,20800
0.46858422200000405,20800
0.46921096200000534,20800
0.4698377590000007,20800
0.4704637400000138,20800
0.47108996200000774,20800
0.47171594400001027,20800
0.47234260999999833,20800
0.47296883300001014,20800
0.4735949440000127,20784
0.4742217959999948,20784
0.4748479810000106,20768
0.47547459200001185,20768
0.476101443999994,20768
0.47672787000001904,20752
0.4773541290000196,20752
0.477980333000005,20752
0.4786064620000161,20752
0.4792332030000068,20752
0.47985990700001935,20736
0.48048664700002064,20752
0.48111270300000797,20752
0.48173925899999404,20752
0.4823658330000171,20752
0.4829922400000157,20752
0.48361901800001306,20768
0.4842455360000031,20768
0.48487205500001096,20768
0.4854987960000017,20768
0.4861252590000049,20784
0.4867516470000055,20784
0.4873782399999982,20784
0.48800442500001395,20800
0.48863077699999735,20800
0.48925709200000256,20800
0.48988342500001636,20800
0.49050968500000636,20800
0.4911358330000155,20816
0.49176205500000947,20800
0.4923888700000134,20800
0.49301570299999753,20784
0.49364170300000865,20784
0.4942678330000092,20800
0.4948940920000098,20768
0.49552068500000246,20768
0.4961472589999971,20752
0.4967735730000129,20752
0.49740011000000095,20768
0.49802677700000686,20752
0.4986532030000035,20752
0.499279166000008,20752
0.4999051290000125,20752
0.5005317220000052,20752
0.5011577770000031,20752
0.5017841100000169,20752
0.5024107220000076,20624
0.5030368510000187,20608
0.5036632590000067,20624
0.5042900360000147,20768
0.5049167220000186,20784
0.5055426469999986,20784
0.5061688330000038,20784
0.5067954990000203,20800
0.5074217400000123,20800
0.508048481000003,20800
0.5086747590000016,20800
0.5093014440000161,20800
0.5099275919999968,20800
0.5105536469999947,20800
0.5111802030000092,20800
0.5118068700000151,20800
0.5124331469999959,20800
0.5130596289999971,20800
0.5136856660000149,20784
0.5143117960000154,20800
0.5149378510000133,20784
0.5155642029999967,20784
0.516190961999996,20768
0.5168173700000125,20768
0.5174441660000184,20752
0.5180709440000157,20752
0.5186974620000058,20752
0.5193234070000017,20752
0.5199498880000135,20752
0.5205763510000168,20736
0.5212026290000153,20752
0.521829351000008,20752
0.5224557770000047,20752
0.5230821850000211,20752
0.5237082030000124,20752
0.5243347220000203,20752
0.5249613699999998,20768
0.525587833000003,20768
0.5262145180000175,20784
0.5268412960000148,20784
0.5274674810000022,20800
0.5280936470000199,20800
0.5287196470000026,20800
0.529345907000021,20800
0.5299723330000177,20800
0.5305989070000123,20800
0.5312252589999957,20800
0.5318519810000168,20800
0.5324787769999944,20784
0.5331053700000155,20800
0.5337321290000148,20784
0.5343584070000134,20768
0.53498483300001,20768
0.5356109070000059,20768
0.5362371660000065,20752
0.5368631660000176,20752
0.5374895730000162,20752
0.5381161290000023,20752
0.5387424070000009,20752
0.5393690360000107,20752
0.5399954439999988,20752
0.5406218699999954,20736
0.5412482590000138,20752
0.5418747220000171,20752
0.5425013509999985,20752
0.5431281099999978,20768
0.5437544990000163,20768
0.5443805360000056,20768
0.5450066289999995,20784
0.5456331100000114,20768
0.5462599250000153,20800
0.54688637000001,20800
0.5475126100000125,20800
0.5481392590000098,20800
0.5487658700000111,20800
0.5493918700000222,20800
0.5500180550000096,20800
0.5506447770000023,20800
0.5512713699999949,20800
0.5518975920000173,20800
0.5525240359999941,20800
0.5531507400000066,20784
0.5537771660000033,20784
0.5544034250000038,20784
0.555029425000015,20768
0.555655981000001,20768
0.5562821290000102,20752
0.5569081290000213,20752
0.5575342590000218,20752
0.5581603140000198,20752
0.558786925000021,20736
0.5594133700000157,20752
0.5600398509999991,20752
0.5606660730000215,20736
0.5612922400000002,20752
0.5619183700000008,20752
0.562544981000002,20752
0.5631714069999987,20768
0.5637975360000098,20768
0.5644240180000111,20768
0.5650505920000057,20768
0.5656772590000116,20784
0.5663034070000208,20784
0.5669299989999956,20800
0.5675564440000187,20784
0.5681829990000153,20800
0.5688096840000014,20800
0.569435814000002,20816
0.5700617960000045,20800
0.5706879990000004,20816
0.5713141470000096,20800
0.5719402590000016,20784
0.572566203000008,20800
0.5731928879999941,20784
0.5738188509999986,20800
0.5744452400000171,20784
0.5750715730000024,20784
0.5756979250000143,20768
0.5763244249999957,20768
0.5769507589999989,20768
0.5775772590000088,20752
0.578203555000016,20752
0.5788299810000126,20752
0.5794567960000165,20752
0.5800830729999973,20736
0.5807090730000084,20752
0.5813354619999984,20752
0.5819621290000043,20752
0.5825881100000174,20768
0.5832146470000055,20752
0.5838409810000087,20768
0.5844677219999994,20768
0.5850942959999941,20768
0.5857208700000172,20784
0.5863470730000131,20784
0.5869732220000117,20784
0.5875996470000189,20784
0.5882259250000175,20800
0.5888522399999943,20800
0.5894787219999955,20800
0.5901050550000093,20800
0.5907311100000072,20800
0.5913574989999972,20800
0.5919837400000176,20800
0.5926098700000182,20784
0.5932364070000062,20784
0.5938631470000075,20784
0.59448912900001,20784
0.5951157030000047,20768
0.5957423510000126,20768
0.5963684069999999,20752
0.5969947030000071,20752
0.5976208700000143,20752
0.5982469070000036,20752
0.5988728880000167,20752
0.5994995920000008,20752
0.6001256290000185,20736
0.6007519810000019,20752
0.6013780180000197,20752
0.6020041290000222,20752
0.6026301470000135,20752
0.6032564989999969,20768
0.6038828140000021,20736
0.6045093700000166,20624
0.6051360179999961,20624
0.6057627590000152,20672
0.6063887589999979,20784
0.6070150550000051,20800
0.6076416289999997,20800
0.6082680359999983,20800
0.6088940920000141,20800
0.6095203880000213,20816
0.610146536000002,20800
0.610772776999994,20816
0.6113993330000085,20816
0.6120261290000144,20800
0.6126523329999998,20800
0.6132787210000004,20784
0.6139052210000102,20784
0.6145319620000009,20784
0.6151581100000101,20768
0.6157843700000001,20768
0.6164109439999947,20752
0.6170377210000026,20752
0.6176641290000191,20752
0.6182905550000157,20752
0.6189170359999991,20736
0.6195436100000222,20736
0.620169777000001,20736
0.6207962400000042,20736
0.6214227770000207,20752
0.6220487770000034,20752
0.6226753880000047,20752
0.6233019809999973,20752
0.6239280919999999,20752
0.6245548699999972,20768
0.6251816660000031,20768
0.6258081100000084,20784
0.6264347210000096,20800
0.6270611660000043,20800
0.6276872960000048,20800
0.6283133329999941,20800
0.6289400920000219,20800
0.6295662590000006,20800
0.6301923139999985,20800
0.6308187209999971,20800
0.6314452960000096,20800
0.632071609999997,20800
0.6326981470000135,20800
0.6333248699999956,20784
0.6339516099999969,20784
0.6345779250000021,20784
0.6352045360000034,20768
0.6358306099999993,20768
0.6364569990000177,20752
0.6370833510000011,20768
0.637709999000009,20752
0.6383362029999944,20752
0.6389627590000089,20752
0.6395892400000207,20752
0.6402158140000154,20736
0.6408419990000027,20736
0.6414681840000185,20752
0.6420943880000038,20752
0.6427207400000157,20752
0.6433467399999984,20752
0.6439734810000175,20768
0.6445995550000134,20768
0.6452259440000034,20768
0.645852351000002,20784
0.646478424999998,20784
0.6471045920000051,20800
0.6477305920000163,20784
0.6483569250000016,20800
0.6489830360000042,20800
0.6496096289999969,20800
0.6502357210000014,20800
0.6508619620000218,20800
0.6514886100000012,20800
0.6521147770000084,20800
0.6527408329999957,20784
0.6533668700000135,20784
0.6539929440000094,20784
0.654619351000008,20784
0.6552459990000159,20768
0.655872536000004,20768
0.6564989990000072,20768
0.6571250730000031,20752
0.6577511100000208,20768
0.6583776470000089,20752
0.6590039620000141,20736
0.6596300180000014,20752
0.6602561840000192,20736
0.6608825730000092,20736
0.6615092770000217,20752
0.6621355180000137,20752
0.6627617400000076,20752
0.6633885360000136,20752
0.6640153330000089,20768
0.6646420920000082,20768
0.6652685730000201,20784
0.6658948700000167,20800
0.6665208139999947,20784
0.6671469990000105,20800
0.6677730359999998,20800
0.6683996470000011,20800
0.6690260360000195,20800
0.6696523880000029,20800
0.6702788139999996,20800
0.6709053330000074,20800
0.6715314810000166,20800
0.6721581470000046,20784
0.6727849070000218,20784
0.6734116660000211,20784
0.6740380180000045,20784
0.674664110000009,20768
0.6752907030000017,20784
0.6759173880000162,20768
0.6765434440000035,20768
0.6771694990000015,20752
0.6777959439999961,20752
0.6784226100000126,20752
0.6790487960000178,20752
0.6796753700000124,20736
0.6803020360000005,20752
0.6809282030000077,20752
0.6815541470000142,20752
0.6821802580000167,20752
0.6828064810000001,20752
0.6834327960000053,20752
0.6840588880000098,20752
0.6846849439999971,20768
0.6853117029999964,20768
0.685937666000001,20784
0.6865638700000147,20784
0.6871898699999974,20784
0.6878164070000139,20784
0.6884424620000118,20784
0.6890685360000077,20800
0.6896945180000102,20800
0.6903209990000221,20800
0.6909477400000128,20800
0.6915737030000173,20800
0.6922000920000073,20784
0.692826814,20800
0.6934527580000065,20800
0.6940788510000004,20784
0.694705536000015,20784
0.6953316290000089,20768
0.6959581290000187,20768
0.6965842769999995,20752
0.6972103700000218,20768
0.6978369619999967,20752
0.698463720999996,20752
0.6990903700000217,20752
0.6997166099999959,20752
0.7003431660000103,20736
0.7009699440000077,20752
0.7015962960000195,20752
0.7022223700000154,20752
0.7028484250000133,20752
0.7034743700000092,20768
0.7041009990000191,20768
0.7047271659999979,20784
0.7053534249999984,20784
0.7059795920000056,20784
0.7066062030000069,20784
0.7072325550000187,20656
0.707868646999998,20640
0.7084952579999992,20656
0.7091218700000184,20800
0.709748258000019,20800
0.7103744070000175,20800
0.7110009620000142,20800
0.7116272580000214,20800
0.7122532030000173,20800
0.7128796469999941,20800
0.7135058329999993,20784
0.7141323140000111,20784
0.7147587960000124,20784
0.7153850180000063,20768
0.7160112400000003,20768
0.7166380730000128,20752
0.7172641100000021,20752
0.7178900920000046,20752
0.7185165550000079,20752
0.7191432770000006,20752
0.7197700180000197,20736
0.7203964809999945,20752
0.7210231100000044,20736
0.7216494250000096,20752
0.7222757030000082,20752
0.7229023700000141,20752
0.7235290920000068,20768
0.7241556840000101,20768
0.7247819620000087,20784
0.7254084989999967,20784
0.7260344990000078,20784
0.7266611660000137,20784
0.727287629000017,20784
0.7279138880000176,20800
0.7285404440000036,20816
0.7291666100000214,20800
0.7297932209999942,20800
0.730419444000006,20800
0.7310454990000039,20800
0.7316721100000052,20800
0.7322983880000038,20800
0.7329243140000017,20800
0.7335503330000108,20784
0.7341770360000055,20784
0.7348036840000134,20768
0.7354299250000054,20784
0.7360559810000211,20768
0.7366826290000006,20752
0.7373091660000171,20768
0.7379352770000196,20752
0.7385620729999971,20752
0.739188721000005,20752
0.7398148139999989,20752
0.7404412580000042,20752
0.7410679250000101,20736
0.7416939440000192,20752
0.7423204440000006,20752
0.7429472400000066,20768
0.7435738329999992,20768
0.7442001100000084,20752
0.7448262030000024,20784
0.7454527210000208,20768
0.7460795180000162,20784
0.7467058880000081,20800
0.7473326840000141,20784
0.7479590359999975,20800
0.7485855179999987,20800
0.7492117769999993,20800
0.7498382400000025,20800
0.750464629000021,20800
0.7510912030000156,20800
0.751717683999999,20800
0.7523437770000214,20784
0.752970203000018,20784
0.7535961840000027,20768
0.7542221840000138,20784
0.7548487580000085,20768
0.7554750179999985,20768
0.7561014990000103,20768
0.756727944000005,20752
0.7573543700000016,20752
0.7579810919999943,20752
0.7586070730000074,20752
0.7592334440000172,20736
0.7598602030000166,20752
0.7604867770000112,20736
0.7611132579999946,20752
0.7617394250000018,20752
0.7623659989999965,20752
0.7629925730000195,20768
0.7636191660000122,20768
0.7642451469999969,20768
0.7648714810000001,20784
0.7654976290000093,20784
0.7661240179999993,20784
0.7667504990000111,20784
0.7673767580000117,20784
0.7680029809999951,20800
0.7686296660000096,20800
0.7692559620000168,20800
0.7698819809999975,20800
0.7705087209999988,20800
0.7711355179999941,20800
0.771761870000006,20800
0.7723881660000131,20800
0.7730142770000157,20784
0.7736402400000202,20784
0.774266535999999,20784
0.7748927580000213,20784
0.7755191100000047,20768
0.7761452210000073,20768
0.7767715180000039,20768
0.7773976840000216,20752
0.7780240179999964,20752
0.7786507579999977,20752
0.7792772950000142,20752
0.7799037580000174,20736
0.7805304620000015,20736
0.7811569440000028,20752
0.7817833330000212,20752
0.7824095550000152,20752
0.7830360920000032,20752
0.7836625550000065,20768
0.7842887209999958,20752
0.7849150920000056,20768
0.7855410550000101,20768
0.7861675730000002,20784
0.7867941100000166,20784
0.7874206099999981,20784
0.7880471840000212,20800
0.7886735360000046,20784
0.7893000550000124,20800
0.7899267210000005,20800
0.7905531100000189,20800
0.7911798700000077,20800
0.7918064069999957,20800
0.7924325550000049,20800
0.7930586290000008,20800
0.7936852770000087,20784
0.7943116840000073,20784
0.7949380919999953,20768
0.7955646100000138,20768
0.7961907579999945,20768
0.7968172209999977,20752
0.7974436469999944,20752
0.7980699619999996,20752
0.7986965730000009,20752
0.7993232400000068,20736
0.799949555000012,20752
0.8005757950000145,20736
0.8012021659999959,20752
0.8018282400000203,20752
0.802454962000013,20752
0.8030812949999984,20752
0.8037075550000168,20752
0.8043338509999955,20768
0.8049601099999961,20784
0.805586758000004,20768
0.8062132029999987,20800
0.8068391840000118,20800
0.8074653140000123,20800
0.808092184000003,20800
0.8087189620000004,20800
0.8093456290000063,20768
0.8099721469999963,20640
0.8105985180000062,20656
0.8112245180000173,20704
0.8118512030000034,20800
0.8124773320000145,20800
0.8131035730000065,20784
0.8137298139999984,20784
0.8143562770000017,20784
0.8149824070000022,20784
0.8156089250000207,20768
0.8162350730000014,20768
0.8168616100000179,20752
0.8174883510000086,20752
0.8181151470000145,20752
0.8187414810000178,20752
0.8193675729999939,20736
0.8199940549999951,20736
0.8206202210000129,20752
0.8212465919999943,20736
0.8218732029999956,20752
0.8224996099999942,20752
0.8231263700000113,20768
0.8237530180000192,20768
0.8243794070000092,20768
0.8250057399999946,20768
0.8256323140000177,20768
0.8262584440000182,20800
0.8268845550000208,20800
0.8275111840000022,20800
0.8281379070000128,20800
0.8287644069999942,20800
0.8293909250000127,20800
0.8300176470000054,20816
0.8306443879999961,20816
0.8312706290000165,20800
0.8318973880000158,20800
0.8325241100000085,20800
0.8331504440000117,20784
0.8337766660000057,20784
0.8344034069999964,20784
0.8350298699999996,20768
0.835656221000022,20768
0.8362824250000074,20768
0.8369091100000219,20752
0.837535795000008,20768
0.8381624440000053,20752
0.838789147,20752
0.8394155180000098,20736
0.8400422580000111,20752
0.8406688320000058,20736
0.841295462000005,20752
0.8419221100000129,20752
0.8425488320000056,20752
0.8431753700000115,20768
0.8438021290000108,20768
0.8444283700000028,20784
0.8450545919999968,20768
0.8456807029999993,20784
0.8463067030000104,20784
0.8469335180000144,20800
0.8475597030000017,20800
0.8481859249999957,20800
0.8488126290000082,20800
0.8494394250000141,20800
0.8500659810000002,20800
0.8506922400000008,20800
0.8513185730000146,20800
0.8519453140000053,20800
0.8525716100000125,20784
0.8531978139999978,20800
0.8538244249999991,20784
0.8544508880000024,20784
0.8550768690000154,20784
0.8557036660000108,20768
0.8563299989999962,20768
0.8569561660000033,20752
0.8575822030000211,20752
0.8582081840000058,20752
0.8588346100000024,20752
0.8594611660000169,20736
0.8600873690000128,20752
0.8607133510000153,20704
0.8613393140000198,20736
0.8619653140000025,20768
0.862591258000009,20752
0.8632174440000142,20752
0.8638439439999956,20768
0.8644703880000009,20768
0.8650968690000127,20768
0.8657234070000186,20784
0.8663495360000013,20784
0.8669762950000006,20784
0.8676027209999972,20768
0.8682286840000017,20800
0.8688548320000109,20800
0.869481535999995,20800
0.8701079440000115,20800
0.8707346470000061,20816
0.8713610549999942,20800
0.8719872949999967,20800
0.8726136470000085,20800
0.8732403510000211,20736
0.873866425000017,20784
0.8744925729999977,20784
0.8751186100000155,20784
0.8757446099999981,20768
0.876371110000008,20768
0.8769970550000039,20736
0.8776234810000005,20720
0.8782502580000084,20752
0.8788763320000044,20752
0.8795030180000083,20752
0.8801293690000023,20704
0.8807553510000048,20736
0.8813813510000159,20752
0.8820076290000145,20752
0.882633592000019,20752
0.883259962000011,20752
0.8838861100000202,20752
0.8845124810000016,20768
0.8851385180000193,20768
0.8857647030000066,20768
0.8863912399999947,20800
0.8870172580000144,20800
0.887643684000011,20800
0.8882698140000116,20800
0.8888963509999996,20800
0.8895228510000095,20816
0.8901489440000034,20800
0.890775184000006,20800
0.8914019990000099,20800
0.892028683999996,20800
0.8926551840000059,20784
0.8932819249999966,20800
0.8939081100000124,20784
0.8945343320000063,20784
0.8951604250000003,20768
0.8957867400000055,20768
0.8964128140000014,20768
0.8970389620000105,20752
0.897664925000015,20752
0.8982911100000024,20752
0.8989177580000103,20752
0.899544351000003,20752
0.9001705729999969,20752
0.9007967580000127,20752
0.901422961999998,20752
0.902049035999994,20752
0.9026751469999965,20752
0.9033014990000083,20768
0.9039278879999983,20768
0.9045539440000141,20784
0.9051799620000054,20784
0.9058060180000211,20784
0.9064322030000085,20784
0.9070584990000157,20800
0.9076849810000169,20800
0.908311814000001,20800
0.9089384440000003,20800
0.9095647400000075,20800
0.910190703000012,20800
0.9108175359999962,20800
0.9114435179999987,20752
0.912070258,20640
0.9126967400000012,20640
0.9133229990000018,20672
0.9139490729999977,20784
0.9145751660000201,20784
0.9152017400000148,20784
0.915828203000018,20768
0.91645457300001,20752
0.917080795000004,20752
0.9177068689999999,20752
0.9183328320000044,20752
0.9189588690000221,20736
0.9195848880000028,20752
0.9202114619999975,20736
0.920837573,20736
0.9214636840000026,20736
0.9220901099999992,20768
0.9227161470000169,20752
0.9233423690000109,20768
0.9239687030000141,20768
0.9245950920000041,20784
0.9252213139999981,20768
0.925847387999994,20800
0.9264739620000171,20800
0.9270999990000064,20800
0.9277268140000103,20800
0.9283530920000089,20800
0.9289798320000102,20800
0.9296063320000201,20800
0.9302328509999995,20800
0.9308593510000094,20800
0.9314854810000099,20800
0.9321122580000178,20800
0.9327390360000152,20800
0.9333655549999946,20800
0.9339921840000045,20784
0.9346184990000097,20784
0.9352449990000196,20768
0.9358717580000189,20768
0.9364982769999983,20752
0.9371250920000023,20752
0.9377516469999989,20752
0.9383778510000127,20752
0.9390039990000218,20752
0.9396306840000079,20752
0.9402574620000053,20736
0.9408842950000178,20752
0.9415105550000078,20752
0.9421371660000091,20752
0.9427638509999952,20752
0.943390351000005,20752
0.9440168880000215,20768
0.9446430730000088,20768
0.9452697030000081,20768
0.945895777000004,20784
0.946521998999998,20784
0.9471486099999993,20800
0.9477751660000138,20784
0.948401758000017,20800
0.9490284809999991,20800
0.9496549250000044,20800
0.9502812580000182,20800
0.9509076289999996,20800
0.9515336660000173,20800
0.9521601470000007,20784
0.9527862770000013,20784
0.9534127950000197,20800
0.9540390360000117,20784
0.954665499000015,20784
0.9552920179999944,20768
0.9559181470000055,20752
0.9565447770000048,20752
0.9571708880000074,20752
0.957797166000006,20752
0.9584239810000099,20752
0.9590502210000125,20752
0.959676351000013,20752
0.9603030359999991,20736
0.9609293690000129,20752
0.9615559990000122,20752
0.9621822580000128,20752
0.9628082579999955,20752
0.963434221,20768
0.9640602030000025,20768
0.9646865180000077,20768
0.9653125730000056,20768
0.9659390920000135,20784
0.9665656290000015,20784
0.9671916470000212,20784
0.9678182579999941,20800
0.9684442580000052,20800
0.9690709060000131,20800
0.9696968690000176,20800
0.9703229430000135,20800
0.9709495179999976,20800
0.9715762030000121,20800
0.9722027770000068,20800
0.9728292580000186,20784
0.9734553880000192,20800
0.9740820359999987,20784
0.9747082210000144,20784
0.9753348510000137,20768
0.975961443000017,20768
0.9765882580000209,20752
0.977214239999995,20752
0.9778409060000115,20752
0.9784674250000194,20736
0.979093406000004,20752
0.9797195550000026,20752
0.9803457210000204,20720
0.9809724430000131,20736
0.9815985179999984,20752
0.9822250180000083,20752
0.9828514620000135,20752
0.9834778320000055,20752
0.984104555000016,20752
0.9847312580000107,20768
0.985357721000014,20784
0.9859839060000013,20784
0.9866106100000138,20800
0.9872373320000065,20800
0.9878707400000053,20800
0.988497461999998,20800
0.9891234620000091,20800
0.9897501660000216,20800
0.9903761470000063,20816
0.991002592000001,20800
0.9916287770000167,20800
0.9922555180000074,20800
0.9928817950000166,20784
0.9935078510000039,20784
0.9941346660000079,20784
0.9947608690000038,20768
0.9953875920000144,20784
0.996014295000009,20752
0.9966406660000189,20752
0.9972671099999957,20752
0.9978933140000095,20736
0.9985197770000127,20752
0.9991460730000199,20752
0.9997722399999986,20736
1.0003985360000058,20736
1.0010248880000177,20752
1.0016515359999971,20752
1.0022776290000195,20752
1.0029043140000056,20768
1.0035310549999963,20768
1.0041569990000028,20768
1.004783443000008,20768
1.0054098690000046,20768
1.006036277000021,20784
1.0066629990000138,20800
1.0072891290000143,20784
1.007915832000009,20784
1.008542499000015,20800
1.0091691660000208,20800
1.0097959809999963,20800
1.0104225550000194,20800
1.0110490550000009,20800
1.0116757950000022,20800
1.0123020919999988,20784
1.0129286100000172,20784
1.0135553690000165,20784
1.014181499000017,20720
1.014807740000009,20624
1.0154344430000037,20624
1.0160611839999945,20688
1.016687888000007,20752
1.0173140550000142,20752
1.0179404430000147,20752
1.0185668690000114,20768
1.0191933690000212,20752
1.019819536,20752
1.0204458690000138,20752
1.0210721660000104,20752
1.0216985550000004,20736
1.022324961999999,20752
1.0229514250000022,20768
1.0235774989999982,20768
1.024203832000012,20784
1.0248304990000179,20768
1.0254568510000013,20784
1.0260832400000197,20800
1.026709999000019,20784
1.0273360179999997,20784
1.0279622580000023,20800
1.0285885180000207,20800
1.029214536000012,20800
1.0298412950000113,20800
1.0304672400000072,20800
1.0310934249999946,20800
1.0317195730000037,20800
1.0323454990000016,20800
1.0329715360000193,20784
1.0335975180000219,20800
1.034223757999996,20784
1.0348498320000203,20784
1.0354760920000103,20768
1.0361027400000182,20768
1.0367289430000142,20752
1.0373555550000049,20752
1.0379818880000187,20768
1.0386081470000192,20752
1.0392349429999967,20752
1.0398614800000132,20752
1.0404881290000105,20736
1.0411144800000045,20752
1.0417408689999945,20752
1.0423674799999958,20752
1.0429935550000096,20768
1.0436197030000187,20768
1.0442458140000213,20768
1.0448720360000152,20768
1.0454988320000211,20768
1.0461248139999952,20784
1.046750980000013,20784
1.047377647000019,20784
1.0480042400000116,20800
1.048630406000001,20800
1.0492570730000068,20800
1.0498834800000054,20800
1.0505102399999942,20816
1.0511364989999947,20800
1.051763128999994,20800
1.0523898320000171,20784
1.0530164989999946,20784
1.0536427579999952,20800
1.0542695180000123,20784
1.0548963319999984,20768
1.0555222579999963,20768
1.0561488689999976,20768
1.056774814000022,20752
1.0574015360000146,20768
1.058027887999998,20752
1.0586543690000099,20752
1.0592809620000025,20752
1.0599072210000031,20752
1.0605337949999978,20736
1.061159943000007,20752
1.0617862770000102,20752
1.062412758000022,20752
1.0630389430000093,20768
1.063665240000006,20752
1.0642916470000046,20768
1.0649178320000203,20768
1.0655444430000216,20784
1.0661707579999984,20800
1.0667973320000215,20784
1.0674236840000049,20800
1.0680499059999988,20800
1.0686758509999947,20816
1.0693021099999953,20800
1.0699281100000064,20800
1.0705541469999957,20800
1.0711807950000036,20800
1.0718068689999996,20800
1.0724334620000207,20800
1.0730600180000067,20784
1.0736867210000014,20784
1.0743126469999993,20784
1.0749394430000052,20768
1.0755660730000045,20768
1.076192351000003,20768
1.0768190550000156,20752
1.0774458510000215,20752
1.0780721290000201,20752
1.0786988320000148,20752
1.0793254060000095,20752
1.0799521659999982,20736
1.0805787400000213,20736
1.0812048140000172,20736
1.0818312210000158,20752
1.0824577399999953,20752
1.083083777000013,20768
1.0837104059999945,20768
1.0843371840000202,20768
1.0849639799999977,20784
1.0855904800000076,20784
1.0862172209999983,20784
1.0868432030000008,20784
1.0874699620000001,20800
1.08809646200001,20800
1.088722703000002,20800
1.0893488140000045,20816
1.089974925000007,20800
1.090601294999999,20800
1.0912274249999996,20800
1.0918536290000134,20784
1.0924803139999995,20800
1.093106832000018,20784
1.0937331100000165,20784
1.094359628999996,20768
1.094985629000007,20768
1.0956119060000162,20768
1.0962378880000188,20768
1.0968639990000213,20752
1.0974901840000086,20752
1.0981168510000145,20752
1.0987431100000151,20752
1.0993694250000203,20752
1.099995703000019,20752
1.1006220170000063,20752
1.101248443000003,20752
1.1018752770000049,20752
1.1025020360000042,20752
1.1031281840000133,20752
1.1037542950000159,20768
1.1043807949999973,20768
1.1050070550000157,20768
1.1056337400000018,20784
1.1062603139999965,20784
1.106886424999999,20800
1.1075126470000214,20784
1.1081388690000153,20784
1.1087648320000199,20800
1.1093911100000184,20800
1.1100177210000197,20800
1.1106439990000183,20800
1.111270313999995,20800
1.1118970729999944,20800
1.1125235920000023,20784
1.1131503880000082,20784
1.1137771470000075,20784
1.1144039430000134,20768
1.1150298690000113,20768
1.1156563320000146,20768
1.1162827950000178,20608
1.1169088320000071,20608
1.1175348320000182,20608
1.118161573000009,20752
1.1187882030000083,20752
1.119414906000003,20752
1.1200415550000002,20736
1.1206679430000008,20752
1.121294258000006,20768
1.121920665999994,20752
1.1225472030000105,20752
1.1231739250000032,20768
1.1238005550000025,20752
1.124426666000005,20768
1.1250526290000096,20784
1.1256786659999989,20784
1.1263054620000048,20784
1.126932092000004,20800
1.127558573000016,20784
1.1281847770000013,20800
1.1288114060000112,20800
1.1294380170000125,20816
1.1300643320000177,20800
1.1306910170000037,20816
1.131317203000009,20800
1.13194333200002,20800
1.1325694620000206,20800
1.1331954620000033,20784
1.133821740000002,20784
1.1344483139999966,20784
1.135074258000003,20768
1.1357002210000076,20768
1.136326405999995,20752
1.136952851000018,20752
1.1375795920000087,20752
1.138205628999998,20752
1.1388319800000204,20752
1.1394586100000197,20736
1.1400852030000124,20736
1.1407112580000103,20736
1.1413376290000201,20752
1.141963980000014,20752
1.1425907400000028,20752
1.1432170920000146,20768
1.143843832000016,20752
1.144470388000002,20768
1.145096443,20768
1.1457229060000031,20784
1.1463493509999978,20800
1.1469756289999964,20784
1.1476016839999943,20800
1.1482283880000068,20800
1.148854999000008,20800
1.1494817030000206,20800
1.1501078139999947,20816
1.1507341470000085,20800
1.1513609060000078,20784
1.1519874800000025,20784
1.1526142400000197,20800
1.1532404620000136,20784
1.1538665170000115,20784
1.1544931100000042,20768
1.1551198690000035,20768
1.155745851000006,20768
1.156372480000016,20752
1.1569991660000198,20752
1.1576259619999973,20752
1.1582522950000111,20752
1.1588787029999992,20752
1.1595052400000156,20752
1.1601316840000209,20752
1.1607578509999996,20752
1.1613840360000154,20752
1.1620103510000206,20752
1.1626370360000067,20752
1.1632632769999987,20752
1.1638895170000012,20768
1.1645156840000084,20768
1.165142258000003,20784
1.1657682210000075,20784
1.166394906000022,20784
1.1670209250000028,20800
1.1676469060000159,20800
1.1682729990000098,20800
1.1688998690000005,20800
1.1695266469999979,20800
1.1701532030000124,20800
1.1707797210000024,20816
1.1714059250000162,20800
1.1720321840000167,20800
1.1726584060000107,20800
1.1732847950000007,20784
1.1739108140000099,20784
1.1745375360000025,20784
1.1751643320000085,20768
1.1757910540000012,20768
1.176417573000009,20752
1.1770437400000162,20752
1.1776699250000036,20752
1.178296443000022,20752
1.1789224430000047,20752
1.1795486839999967,20736
1.180175442999996,20752
1.1808019800000125,20752
1.1814284620000137,20752
1.1820545920000143,20752
1.1826814060000004,20768
1.1833077580000122,20752
1.1839338690000147,20768
1.1845599430000107,20768
1.185186721000008,20768
1.1858127769999953,20800
1.1864394250000032,20784
1.1870655170000077,20784
1.1876918690000196,20800
1.1883178690000022,20800
1.1889443880000101,20816
1.1895703880000212,20800
1.1901964250000105,20800
1.1908226470000045,20800
1.191448925000003,20800
1.1920753880000063,20784
1.1927017210000201,20784
1.193327814000014,20784
1.1939544800000021,20784
1.1945811840000147,20784
1.1952074800000219,20768
1.19583401700001,20768
1.1964601290000019,20752
1.1970862400000044,20752
1.197712813999999,20752
1.1983393880000222,20752
1.1989660540000102,20752
1.199592573000018,20752
1.200218647000014,20752
1.2008448320000014,20752
1.2014707579999993,20736
1.2020973879999985,20752
1.2027236840000057,20752
1.2033496470000102,20768
1.203976369000003,20768
1.2046024429999989,20768
1.2052286470000126,20768
1.2058550540000113,20768
1.2064817579999954,20784
1.2071081660000118,20784
1.2077345540000124,20800
1.208360684000013,20800
1.2089867210000023,20800
1.209613073000014,20800
1.2102392209999948,20800
1.210865702999996,20816
1.2114919800000052,20784
1.212118554,20800
1.212745166000019,20784
1.2133716289999938,20784
1.2139979620000076,20784
1.2146244620000175,20784
1.2152506660000029,20768
1.2158772580000061,20768
1.2165032210000106,20752
1.217129999000008,20752
1.2177561660000151,20752
1.218382590999994,20736
1.2190085729999964,20608
1.2196347770000102,20592
1.2202612210000154,20624
1.2208873879999942,20752
1.2215137029999994,20752
1.2221403320000093,20752
1.2227664430000118,20768
1.2233928320000018,20768
1.224018851000011,20768
1.2246451660000162,20784
1.225271240000012,20784
1.2258978320000153,20784
1.2265245910000147,20784
1.227151073000016,20800
1.2277776470000106,20800
1.228404425000008,20800
1.229030425000019,20800
1.2296571840000183,20800
1.2302836470000216,20800
1.2309097210000175,20800
1.23153570300002,20800
1.2321619620000206,20800
1.2327882769999974,20800
1.2334149800000205,20800
1.2340413690000105,20784
1.234668240000019,20768
1.235294443000015,20768
1.2359204619999957,20768
1.2365466100000049,20752
1.237172591000018,20752
1.2377992579999955,20752
1.2384257030000185,20752
1.239051814000021,20752
1.2396785730000204,20736
1.2403050169999972,20736
1.2409317580000163,20736
1.2415577950000056,20752
1.242184406000007,20752
1.2428109250000148,20752
1.2434374059999982,20752
1.2440641470000173,20752
1.2446909250000147,20768
1.2453175729999941,20784
1.2459441660000152,20784
1.2465707580000185,20800
1.2471967769999992,20800
1.2478233140000157,20800
1.248449906000019,20800
1.2490764249999984,20800
1.2497025910000161,20800
1.2503286289999949,20816
1.250955480000016,20800
1.2515819430000192,20800
1.2522086660000014,20800
1.2528353510000159,20784
1.2534615360000032,20784
1.254088276999994,20768
1.254714832000019,20768
1.255341536000003,20784
1.255967905999995,20752
1.2565946470000142,20768
1.2572208320000016,20752
1.2578469249999955,20752
1.2584729060000086,20752
1.259098961999996,20752
1.259725517000021,20752
1.260352054000009,20752
1.260978166000001,20752
1.2616047209999977,20752
1.262230795000022,20752
1.2628572950000034,20768
1.263483739999998,20752
1.2641104430000212,20768
1.2647366660000046,20768
1.2653628690000005,20768
1.265989573000013,20784
1.2666157580000004,20784
1.2672424800000215,20784
1.2678692400000102,20800
1.2684953690000214,20800
1.2691218690000028,20800
1.2697481290000212,20816
1.2703742030000171,20800
1.2710007580000138,20816
1.2716275540000197,20800
1.2722539800000163,20784
1.2728799620000188,20784
1.2735063140000022,20784
1.2741329250000035,20784
1.2747592030000021,20784
1.275385553999996,20768
1.2760119430000145,20752
1.276638294999998,20752
1.2772647209999946,20752
1.2779016839999997,20752
1.2785277030000088,20752
1.279153851000018,20752
1.2797804060000146,20752
1.2804067400000179,20752
1.2810333879999973,20752
1.2816597770000158,20752
1.2822864800000104,20752
1.2829128140000137,20768
1.2835393510000017,20768
1.2841659059999984,20768
1.284792035999999,20784
1.2854183510000041,20784
1.2860446660000093,20784
1.286671517000002,20784
1.287298184000008,20800
1.2879241660000105,20800
1.2885506660000203,20800
1.2891774429999998,20800
1.2898041280000143,20800
1.290430740000005,20800
1.2910569990000056,20800
1.291683777000003,20784
1.2923097400000074,20784
1.2929358690000186,20784
1.2935620359999973,20784
1.2941885540000158,20784
1.2948152579999999,20768
1.2954414620000136,20768
1.296067794999999,20752
1.2966945539999983,20752
1.2973210170000016,20752
1.2979470360000107,20752
1.298573073,20752
1.2991990910000197,20736
1.2998256470000058,20736
1.300451666000015,20752
1.3010781100000202,20752
1.3017044430000055,20736
1.3023306839999975,20736
1.3029571840000074,20752
1.303583591000006,20752
1.3042099620000158,20768
1.3048364990000039,20768
1.3054631100000051,20768
1.3060891469999945,20784
1.3067156470000043,20800
1.307342368999997,20800
1.3079685540000128,20800
1.3085949059999962,20784
1.3092212399999994,20800
1.309847332000004,20800
1.3104737769999986,20800
1.3111000540000077,20800
1.3117265540000176,20800
1.3123529430000076,20784
1.3129795170000023,20784
1.313605869000014,20784
1.3142318510000166,20768
1.314858498999996,20768
1.315484999000006,20768
1.3161113320000197,20752
1.3167376100000183,20752
1.3173636280000096,20752
1.3179901470000175,20752
1.318616942999995,20752
1.319243221000022,20752
1.3198696470000186,20736
1.320496165999998,20736
1.321122962000004,20608
1.3217493880000006,20608
1.3223759429999973,20608
1.3230019249999998,20768
1.3236284060000116,20768
1.3242545540000208,20768
1.3248805540000035,20768
1.3255067949999955,20784
1.3261332210000205,20784
1.3267595359999973,20800
1.3273857949999979,20800
1.3280123510000124,20800
1.3286386660000176,20800
1.3292654800000037,20816
1.3298914249999996,20816
1.3305174430000193,20800
1.331143609999998,20800
1.3317702950000125,20800
1.3323965910000197,20800
1.333022666000005,20784
1.333648721000003,20784
1.3342746659999989,20784
1.3349012950000088,20768
1.3355275360000007,20768
1.336153832000008,20752
1.3367799430000105,20752
1.3374067029999992,20752
1.3380330540000216,20752
1.3386595169999964,20736
1.3392859060000148,20752
1.3399122579999982,20736
1.3405381839999961,20736
1.3411642770000185,20736
1.3417909990000112,20752
1.3424169799999959,20768
1.3430431840000097,20752
1.343669220999999,20768
1.3442957580000154,20768
1.3449217769999962,20784
1.3455479060000073,20784
1.3461740540000164,20784
1.3468008690000204,20800
1.3474273690000018,20800
1.3480537210000136,20800
1.3486799800000142,20784
1.3493065910000155,20800
1.349932740000014,20800
1.3505595910000068,20816
1.3511860910000166,20800
1.3518121650000126,20800
1.3524380910000104,20784
1.353064388000007,20784
1.3536906470000076,20784
1.3543171649999977,20784
1.3549435909999943,20768
1.3555702580000002,20768
1.356196295000018,20768
1.3568226099999947,20768
1.3574492580000026,20752
1.3580758509999953,20736
1.3587023139999985,20752
1.359328980000015,20736
1.3599557029999971,20752
1.3605819619999977,20736
1.361208258000005,20752
1.3618348880000042,20752
1.3624611470000048,20752
1.3630875359999948,20768
1.3637140360000046,20768
1.3643402579999986,20768
1.3649665169999992,20784
1.3655932580000183,20768
1.3662193690000208,20784
1.3668459990000201,20784
1.3674721470000009,20800
1.368098462000006,20800
1.3687251279999941,20800
1.3693515360000106,20800
1.3699782209999967,20800
1.3706043319999992,20800
1.371230832000009,20800
1.371857073000001,20784
1.372483869000007,20784
1.3731103510000082,20784
1.3737366649999956,20784
1.374362925000014,20768
1.374989314000004,20768
1.3756158510000205,20752
1.376242480000002,20768
1.3768689620000032,20768
1.3774955169999998,20752
1.3781223320000038,20752
1.3787485910000044,20752
1.379374628000022,20752
1.3800014429999976,20752
1.3806281650000187,20752
1.3812549250000075,20752
1.3818809429999988,20752
1.3825076470000113,20752
1.3831344250000086,20768
1.3837609429999986,20768
1.3843872770000019,20768
1.3850139430000183,20768
1.385640090999999,20784
1.386266777000003,20784
1.386892850999999,20800
1.3875194990000068,20784
1.3881459990000167,20800
1.3887723140000219,20800
1.3893985170000178,20800
1.3900247950000164,20800
1.3906513510000025,20800
1.391277591000005,20800
1.3919035730000076,20800
1.3925303690000135,20800
1.3931571280000128,20784
1.3937836839999989,20784
1.3944100360000107,20784
1.3950362580000046,20768
1.3956623320000006,20768
1.3962885539999945,20752
1.3969150169999978,20752
1.397541184000005,20768
1.3981678140000042,20736
1.3987945730000035,20752
1.3994205909999948,20736
1.4000473880000186,20752
1.4006737770000086,20736
1.4012999990000026,20752
1.4019267400000217,20752
1.4025533140000164,20752
1.4031793880000123,20752
1.4038058320000175,20752
1.4044324430000188,20768
1.4050587020000194,20768
1.4056848689999981,20784
1.4063114250000126,20784
1.4069382210000185,20800
1.407564351000019,20800
1.4081911650000052,20800
1.408817388000017,20816
1.4094436280000195,20800
1.4100701650000076,20800
1.4106967769999983,20800
1.4113228880000008,20800
1.4119492020000166,20800
1.412575832000016,20784
1.4132020170000033,20800
1.4138285540000197,20784
1.4144548879999945,20768
1.4150809620000189,20768
1.415707628000007,20768
1.4163342020000016,20752
1.4169603320000022,20768
1.4175867019999941,20752
1.4182132950000153,20752
1.4188397580000185,20752
1.4194663690000198,20752
1.4200930359999973,20752
1.4207197949999966,20752
1.4213462950000064,20736
1.421972702000005,20752
1.4225994800000024,20752
1.4232258140000056,20768
1.4238518319999969,20720
1.424477851000006,20624
1.4251045729999987,20624
1.4257307770000125,20704
1.4263574250000204,20800
1.4269841100000065,20800
1.4276106469999945,20800
1.428236757999997,20800
1.4288630730000023,20800
1.4294892400000094,20800
1.430115647000008,20800
1.4307423319999941,20800
1.4313690170000086,20800
1.4319957210000211,20800
1.4326222580000092,20784
1.4332490730000131,20784
1.4338752769999985,20784
1.434501647000019,20768
1.4351283139999964,20768
1.435754553999999,20768
1.4363808509999956,20752
1.4370076470000015,20752
1.4376337950000107,20752
1.4382604620000166,20752
1.4388872950000007,20752
1.4395134620000078,20752
1.4401399620000177,20736
1.4407662769999945,20752
1.4413929990000156,20752
1.442019017000007,20752
1.442645276999997,20768
1.4432720359999962,20752
1.4438985910000213,20768
1.4445245729999954,20768
1.445150979999994,20784
1.445777573000015,20800
1.446404369000021,20784
1.447031073000005,20800
1.447657740000011,20800
1.4482839800000136,20800
1.4489105170000016,20800
1.4495370360000095,20800
1.4501635729999975,20800
1.4507901650000008,20800
1.4514162400000146,20800
1.4520429250000007,20800
1.4526689250000118,20800
1.4532949059999964,20784
1.453921164999997,20784
1.4545474429999956,20784
1.455173851000012,20784
1.4557998690000034,20768
1.4564263320000066,20768
1.4570525360000204,20768
1.4576792950000197,20752
1.4583056840000097,20752
1.458932128000015,20752
1.4595587210000076,20752
1.4601847950000035,20752
1.4608109800000193,20752
1.461437294999996,20752
1.4620632769999986,20752
1.4626898879999999,20752
1.4633164250000164,20768
1.4639427580000017,20768
1.4645691100000136,20768
1.4651957949999996,20768
1.4658224800000141,20784
1.4664487950000193,20784
1.467074961999998,20784
1.467701164999994,20784
1.4683274250000125,20800
1.4689537579999978,20800
1.4695798320000222,20800
1.4702065910000215,20800
1.4708327580000002,20800
1.4714589990000206,20800
1.472085184000008,20800
1.4727114990000132,20784
1.4733382580000125,20784
1.473964369000015,20784
1.4745909990000143,20784
1.4752177390000156,20768
1.4758445540000196,20752
1.476470739000007,20768
1.4770973140000194,20768
1.4777236840000114,20752
1.478349814000012,20752
1.4789761469999974,20752
1.4796027950000052,20752
1.4802289250000058,20752
1.480854925000017,20752
1.4814809249999996,20752
1.4821077020000075,20752
1.4827339250000193,20768
1.4833602580000047,20768
1.4839867950000212,20768
1.484612869000017,20784
1.4852389060000064,20768
1.485865017000009,20800
1.4864915170000188,20800
1.487117980000022,20784
1.4877444619999949,20800
1.4883704060000014,20800
1.4889967020000086,20800
1.4896230730000184,20816
1.4902496100000064,20816
1.490875721000009,20800
1.4915023510000083,20800
1.4921285540000042,20800
1.4927553690000082,20800
1.4933819249999942,20784
1.4940084800000193,20784
1.49463522100001,20768
1.4952612019999947,20768
1.495887314000015,20768
1.4965132949999997,20752
1.4971396280000135,20752
1.497766425000009,20752
1.4983924990000048,20752
1.4990188689999968,20752
1.499645332,20736
1.5002715360000138,20752
1.5008979250000039,20736
1.5015245540000137,20752
1.5021511470000064,20752
1.5027775169999984,20752
1.503403628000001,20768
1.5040300539999976,20752
1.504656777000008,20784
1.5052834429999962,20784
1.5059100539999974,20800
1.5065368319999948,20784
1.5071632210000132,20800
1.5077898880000191,20800
1.508416479999994,20800
1.509042925000017,20800
1.509669591000005,20816
1.5102961280000216,20800
1.5109225360000096,20800
1.5115493510000135,20800
1.5121753319999982,20784
1.5128017210000166,20784
1.5134278689999974,20800
1.514053851,20784
1.5146802769999965,20768
1.5153064060000077,20768
1.5159330910000222,20752
1.5165594800000122,20752
1.5171857390000127,20752
1.517812369000012,20752
1.5184384800000146,20752
1.5190649060000112,20752
1.519690905999994,20752
1.5203168689999984,20736
1.5209434989999977,20752
1.521569943000003,20736
1.5221962950000147,20752
1.522822332000004,20768
1.5234489059999987,20752
1.5240752950000171,20768
1.5247017020000158,20768
1.525328351000013,20768
1.5259547390000137,20704
1.5265810730000169,20640
1.5272075360000201,20640
1.5278339430000187,20736
1.5284600170000147,20800
1.5290860910000106,20784
1.5297129060000145,20800
1.5303389990000085,20800
1.5309654800000203,20800
1.5315919800000017,20800
1.5322185539999964,20800
1.532844517000001,20784
1.5334711840000068,20784
1.5340975539999988,20784
1.5347237950000192,20768
1.5353501840000092,20768
1.5359763689999966,20752
1.5366029620000177,20752
1.5372290360000136,20752
1.5378684620000058,20752
1.5384951839999985,20752
1.5391212020000182,20736
1.539747387999995,20736
1.5403740360000029,20736
1.541000165000014,20752
1.5416266280000173,20752
1.5422528880000073,20752
1.5428793320000125,20768
1.543505314000015,20768
1.5441315909999958,20784
1.5447582390000036,20768
1.5453847390000135,20784
1.5460113690000128,20800
1.5466376470000114,20784
1.5472644060000107,20784
1.5478906650000113,20800
1.548516664999994,20800
1.5491433319999999,20800
1.5497693880000156,20800
1.550396164999995,20800
1.5510222020000128,20800
1.551648517000018,20800
1.5522750359999975,20784
1.5529017759999988,20784
1.5535280539999974,20784
1.5541547760000185,20784
1.5547813510000026,20784
1.5554080729999953,20768
1.5560343319999959,20768
1.5566609619999952,20752
1.5572876840000163,20752
1.5579138880000016,20752
1.5585400170000128,20752
1.5591664430000094,20736
1.5597931100000153,20736
1.5604197760000034,20736
1.5610461280000152,20752
1.5616720910000197,20752
1.5622984059999965,20752
1.5629251649999958,20752
1.5635519620000196,20752
1.5641785360000142,20768
1.5648045730000035,20768
1.56543051700001,20768
1.566056610000004,20784
1.5666833880000013,20800
1.5673101470000006,20800
1.5679361470000117,20784
1.5685624989999951,20800
1.5691885360000128,20800
1.569815128000016,20800
1.570441202000012,20800
1.571067888000016,20800
1.5716940540000053,20784
1.5723207210000112,20800
1.572947388000017,20784
1.5735737760000177,20784
1.5741999429999964,20768
1.5748262390000036,20768
1.5754523690000042,20768
1.576078888000012,20768
1.576705388000022,20752
1.577331758000014,20752
1.577958147000004,20752
1.5785849800000165,20752
1.5792111650000038,20736
1.579837351000009,20752
1.5804637950000142,20752
1.5810906279999983,20752
1.5817172389999996,20752
1.5823435910000114,20752
1.5829702580000173,20752
1.5835964620000027,20768
1.5842228140000145,20784
1.584849073000015,20768
1.5854752580000024,20784
1.5861014989999944,20800
1.5867280360000109,20784
1.5873545910000075,20800
1.5879810170000042,20800
1.5886073320000094,20800
1.5892338879999954,20800
1.5898603140000205,20800
1.5904865539999946,20816
1.5911130730000025,20800
1.5917397759999972,20800
1.5923661840000136,20800
1.5929924800000208,20784
1.5936184429999969,20784
1.5942448510000133,20784
1.5948716280000212,20768
1.5954984619999948,20768
1.5961245539999993,20752
1.5967511100000138,20752
1.5973778320000065,20752
1.5980043320000163,20752
1.5986302759999944,20752
1.5992562020000207,20752
1.5998823510000193,20752
1.6005088130000047,20736
1.6011354990000086,20752
1.6017623129999947,20752
1.6023889250000138,20768
1.6030151650000164,20768
1.6036418129999959,20768
1.6042681650000077,20768
1.6048948130000156,20768
1.6055211280000208,20784
1.6061470909999969,20800
1.606773813000018,20800
1.607400369000004,20800
1.6080263880000132,20800
1.608652535999994,20800
1.609278517000007,20800
1.609905351000009,20800
1.6105317390000096,20800
1.6111576840000055,20800
1.6117840729999955,20800
1.6124107950000166,20800
1.6130367949999993,20784
1.6136630360000197,20784
1.6142896650000012,20784
1.6149162210000156,20768
1.615542832000017,20768
1.6161696279999944,20752
1.6167958690000148,20752
1.6174218689999975,20752
1.6180481840000027,20752
1.6186744059999967,20752
1.6193011100000092,20736
1.6199279250000131,20752
1.6205540729999939,20736
1.6211801470000182,20768
1.621806442999997,20752
1.6224329990000115,20752
1.6230592210000054,20768
1.6236859990000028,20768
1.6243122209999967,20768
1.6249387020000086,20768
1.6255651280000052,20784
1.6261915360000216,20784
1.626818165000003,20784
1.627444813000011,20800
1.6280708879999963,20800
1.6286971279999989,20704
1.6293238320000114,20656
1.6299505169999975,20656
1.6305771469999968,20768
1.6312037020000218,20800
1.6318297580000092,20800
1.6324559060000183,20800
1.6330821280000123,20784
1.633708702000007,20784
1.6343348690000141,20768
1.6349609250000015,20768
1.6355872759999954,20768
1.6362139059999947,20768
1.6368400169999973,20752
1.6374663510000005,20752
1.6380926280000097,20752
1.6387191470000175,20752
1.6393451840000068,20752
1.6399712209999961,20752
1.640597888000002,20752
1.6412244619999967,20752
1.6418508689999953,20752
1.6424776100000145,20768
1.643103702000019,20752
1.6437297580000063,20768
1.644356332000001,20768
1.6449824430000035,20768
1.6456087390000107,20800
1.646235536000006,20784
1.6468616840000152,20800
1.6474879060000092,20800
1.648113999000003,20800
1.6487408320000156,20800
1.6493670540000096,20816
1.6499935540000195,20800
1.650620368999995,20816
1.6512464060000127,20816
1.651873165000012,20800
1.6524998879999941,20800
1.6531260170000053,20784
1.6537522579999973,20800
1.654378462000011,20768
1.655004813000005,20768
1.655631499000009,20752
1.6562579060000076,20752
1.6568838320000054,20752
1.657510406,20752
1.6581370170000014,20752
1.6587630360000105,20752
1.6593890540000018,20736
1.6600157759999945,20736
1.6606421470000043,20736
1.661268184000022,20752
1.661894554000014,20752
1.6625205170000186,20752
1.6631466470000191,20752
1.663773238999994,20752
1.6643992760000117,20768
1.6650255170000037,20768
1.6656514990000062,20768
1.6662777210000002,20784
1.6669044430000213,20800
1.6675304059999974,20784
1.6681565540000065,20800
1.6687830540000164,20816
1.6694096100000024,20800
1.670036312999997,20816
1.6706627390000222,20816
1.6712891840000168,20800
1.6719158319999963,20800
1.6725425170000108,20784
1.6731692209999949,20800
1.6737958319999962,20784
1.6744224619999954,20768
1.6750488130000178,20768
1.6756751650000012,20768
1.6763017950000005,20768
1.6769285170000217,20752
1.677555147000021,20752
1.678181238999997,20752
1.6788076280000155,20752
1.6794340910000187,20752
1.680060554000022,20736
1.6806867390000093,20752
1.6813133690000086,20752
1.681939999000008,20752
1.6825664060000065,20752
1.6831928130000051,20752
1.683818924999997,20752
1.6844451470000195,20768
1.6850718690000122,20784
1.6856978320000167,20784
1.6863246279999942,20800
1.6869511840000087,20784
1.6875780170000212,20800
1.688204758000012,20800
1.6888307760000032,20800
1.6894567580000057,20800
1.690083350000009,20800
1.690709757999997,20800
1.6913364620000095,20800
1.6919630360000042,20800
1.692589536000014,20784
1.6932160910000107,20784
1.6938427580000166,20784
1.6944689249999954,20768
1.6950954060000072,20768
1.6957216650000078,20768
1.6963477580000017,20752
1.6969737950000194,20752
1.6976002579999943,20752
1.6982268320000173,20752
1.6988536279999948,20752
1.6994801650000113,20736
1.7001061840000204,20736
1.7007326840000019,20752
1.7013587389999998,20768
1.7019848879999984,20752
1.7026113320000036,20752
1.703237295000008,20768
1.7038639799999942,20768
1.7044899060000205,20768
1.705116701999998,20784
1.7057430170000032,20784
1.7063691470000037,20800
1.706995164999995,20800
1.7076214060000154,20800
1.7082477950000055,20800
1.7088737210000033,20800
1.7094997949999993,20800
1.710125999000013,20816
1.7107527210000057,20800
1.7113795540000183,20800
1.7120060360000195,20784
1.7126327760000208,20800
1.7132591840000089,20800
1.7138859060000016,20784
1.714512147000022,20784
1.7151388869999948,20768
1.7157651280000152,20768
1.7163919060000126,20752
1.7170184990000052,20768
1.717645073,20768
1.7182712390000177,20752
1.7188973500000202,20752
1.7195237210000016,20752
1.7201501469999982,20752
1.7207768690000194,20736
1.7214033500000028,20752
1.7220301469999981,20752
1.722656332000014,20768
1.7232825170000012,20768
1.7239084800000057,20768
1.7245351280000136,20768
1.7251611100000162,20768
1.7257871280000074,20784
1.7264131280000186,20784
1.7270393500000125,20784
1.7276654059999998,20784
1.7282913319999977,20800
1.7289176650000115,20784
1.7295440540000016,20800
1.7301704799999982,20800
1.7307967950000034,20800
1.7314234620000093,20800
1.7320497949999947,20784
1.7326758869999992,20672
1.7333022020000044,20640
1.7339286840000057,20624
1.7345551100000023,20736
1.7351817020000055,20768
1.735807832000006,20768
1.7364341280000133,20752
1.737060275999994,20752
1.7376869800000065,20752
1.738313684000019,20752
1.7389396279999971,20736
1.7395655730000215,20752
1.7401922950000142,20752
1.7408188690000088,20752
1.7414449800000114,20752
1.7420716100000107,20752
1.7426977580000198,20768
1.743324369000021,20752
1.7439508690000025,20768
1.744577406000019,20768
1.7452035910000063,20784
1.7458301100000142,20784
1.7464568130000089,20784
1.7470835729999976,20784
1.747710183999999,20800
1.748336887000022,20800
1.7489629060000027,20800
1.7495890540000119,20800
1.7502150170000164,20800
1.7508412390000103,20800
1.7514674990000003,20800
1.7520939800000122,20784
1.7527202390000127,20800
1.7533468870000206,20784
1.753973424999998,20784
1.7545999430000165,20768
1.7552266650000092,20768
1.7558531470000105,20768
1.7564791279999952,20752
1.7571054060000222,20752
1.7577320540000017,20752
1.758358462000018,20752
1.7589847389999989,20752
1.759611184000022,20736
1.7602376279999987,20736
1.760864405999996,20752
1.7614904060000072,20752
1.7621163500000137,20752
1.7627425360000188,20752
1.7633690360000003,20768
1.7639953320000075,20768
1.7646215540000014,20768
1.7652477580000152,20784
1.765874053999994,20800
1.7665006840000217,20800
1.7671266840000044,20800
1.7677526840000155,20800
1.7683792020000055,20800
1.7690054250000173,20800
1.7696319060000008,20816
1.7702586280000219,20800
1.77088516500001,20800
1.7715117760000112,20800
1.7721377580000137,20784
1.772763961999999,20784
1.7733899990000168,20784
1.7740166279999983,20784
1.7746431840000128,20768
1.7752699060000054,20768
1.7758962580000173,20768
1.7765225910000026,20752
1.7771492950000152,20752
1.7777759239999966,20752
1.7784027390000006,20752
1.7790293129999952,20752
1.7796557210000117,20736
1.780281905999999,20752
1.7809083129999976,20752
1.7815346650000095,20752
1.7821612760000107,20768
1.782787591000016,20768
1.7834144060000199,20768
1.7840407019999986,20768
1.784667184,20784
1.7852937389999965,20784
1.7859199620000084,20784
1.7865464799999984,20784
1.7871728690000168,20800
1.7877995910000095,20800
1.7884260910000194,20800
1.7890524430000028,20800
1.7896787950000146,20800
1.7903050910000218,20800
1.7909314430000052,20800
1.7915574060000097,20800
1.7921837760000017,20784
1.7928102950000095,20784
1.793436406000012,20784
1.7940624059999948,20784
1.7946884990000171,20784
1.7953144620000216,20768
1.7959408130000156,20768
1.7965669990000208,20752
1.7971932580000214,20752
1.797819517000022,20752
1.7984457020000093,20752
1.7990720360000125,20752
1.7996980540000038,20752
1.8003244989999985,20752
1.8009506280000096,20736
1.8015771470000175,20752
1.8022031650000088,20752
1.8028298690000213,20752
1.8034559620000152,20768
1.804082109999996,20768
1.8047081840000203,20784
1.8053348500000084,20784
1.8059610170000155,20784
1.8065871649999963,20800
1.8072131100000206,20784
1.8078394990000106,20800
1.8084659430000158,20800
1.8090925730000151,20800
1.8097186840000177,20800
1.810345183999999,20816
1.8109714990000043,20800
1.8115982390000056,20800
1.8122243130000015,20800
1.8128507579999962,20784
1.8134773320000193,20784
1.8141041279999968,20784
1.8147304059999954,20768
1.8153564990000177,20768
1.8159824429999958,20768
1.8166088130000162,20768
1.8172350910000148,20752
1.817868906000001,20752
1.8184952210000063,20752
1.8191216840000095,20736
1.819748517000022,20752
1.8203746279999962,20736
1.8210010360000126,20752
1.821627795000012,20752
1.8222542020000105,20752
1.8228806099999986,20752
1.8235066839999945,20768
1.824132628000001,20768
1.8247591650000174,20768
1.8253854990000207,20768
1.8260122949999982,20784
1.826638628000012,20784
1.8272653870000113,20784
1.8278921100000218,20800
1.8285186470000099,20800
1.8291446279999946,20800
1.8297709060000216,20800
1.8303973320000182,20800
1.831023775999995,20800
1.8316498500000193,20800
1.832276016999998,20800
1.8329019800000026,20672
1.8335282950000078,20624
1.8341550730000051,20640
1.834781387000021,20752
1.835407924000009,20768
1.8360342950000188,20752
1.8366609429999983,20752
1.8372872209999969,20752
1.8379132759999948,20752
1.8385397210000178,20736
1.8391664240000125,20752
1.8397924989999979,20752
1.840418776000007,20752
1.8410453320000215,20752
1.841672146999997,20752
1.8422981280000101,20768
1.8429249800000207,20768
1.8435514239999975,20768
1.8441782210000213,20768
1.8448047020000047,20768
1.8454307020000158,20768
1.8460570729999972,20704
1.846683573000007,20752
1.8473103320000064,20800
1.847936443000009,20816
1.8485626469999943,20800
1.8491890360000127,20816
1.8498156100000074,20800
1.8504417759999967,20816
1.851067850000021,20784
1.8516938690000018,20800
1.8523197949999997,20800
1.8529459990000134,20784
1.8535723690000054,20784
1.8541988320000087,20768
1.854825610000006,20768
1.855451665000004,20768
1.8560784240000032,20752
1.856704499000017,20768
1.857331165000005,20752
1.8579575730000215,20736
1.858583906000007,20736
1.8592106469999976,20736
1.8598373500000207,20752
1.8604635169999995,20752
1.8610896840000066,20736
1.8617164610000145,20752
1.862342443000017,20752
1.8629692020000164,20768
1.863595313000019,20768
1.8642218319999984,20768
1.8648485540000195,20784
1.8654748689999963,20800
1.8661015540000108,20800
1.866727591,20800
1.8673540540000033,20800
1.8679806100000178,20784
1.868607350000019,20800
1.8692340910000098,20800
1.8698602759999972,20800
1.8704869610000117,20800
1.871113424000015,20800
1.871740127999999,20800
1.8723665360000155,20784
1.8729928870000094,20784
1.8736192210000127,20784
1.874245258000002,20784
1.8748712210000065,20768
1.8754978690000144,20752
1.8761239060000037,20768
1.8767498690000082,20752
1.8773766470000055,20752
1.8780026470000166,20752
1.8786289239999974,20752
1.8792548499999953,20752
1.8798809240000196,20752
1.8805074610000077,20752
1.8811338320000175,20752
1.8817598870000154,20768
1.8823859610000113,20768
1.8830121280000185,20752
1.8836381280000012,20768
1.8842649059999985,20768
1.884891443000015,20768
1.8855181840000057,20784
1.886144776000009,20800
1.8867716470000175,20800
1.8873979429999963,20800
1.888024220999995,20800
1.8886501650000014,20800
1.889276590999998,20800
1.8899026470000138,20800
1.8905292759999952,20800
1.891155795000003,20800
1.8917823870000063,20800
1.8924086279999983,20800
1.893034684000014,20784
1.8936611100000107,20784
1.8942876840000054,20784
1.8949144240000066,20768
1.8955403870000112,20752
1.8961667760000012,20752
1.896792849999997,20752
1.8974197020000076,20736
1.898045738999997,20752
1.898672036000022,20736
1.8992986469999948,20736
1.899925091,20752
1.900551035999996,20752
1.901177165000007,20752
1.9018035539999971,20752
1.9024297210000043,20768
1.9030561840000075,20752
1.9036829060000002,20768
1.9043096839999976,20784
1.904936350000014,20768
1.905562887000002,20784
1.9061889240000198,20800
1.9068156840000086,20784
1.9074418870000045,20784
1.9080683500000077,20800
1.9086949060000222,20800
1.909320887000007,20800
1.9099473870000168,20816
1.9105740910000009,20800
1.9112006470000154,20800
1.911826906000016,20800
1.9124537210000199,20800
1.9130800540000052,20784
1.913706110000021,20800
1.9143324430000064,20768
1.914958554000009,20768
1.9155853320000062,20752
1.916212053999999,20752
1.9168388500000049,20752
1.9174655360000088,20736
1.918091684000018,20736
1.9187180170000033,20752
1.9193439980000164,20752
1.919970424000013,20752
1.920596684000003,20752
1.921222610000001,20752
1.9218486470000187,20736
1.9224746099999948,20752
1.9231009979999953,20768
1.9237277020000079,20768
1.9243541840000091,20768
1.9249802020000004,20768
1.9256066840000017,20784
1.9262326650000148,20784
1.926859295000014,20800
1.9274860170000068,20784
1.9281126099999994,20800
1.928739164999996,20800
1.9293659239999954,20800
1.929992053999996,20800
1.9306184240000164,20800
1.9312445909999951,20800
1.9318706280000129,20784
1.9324968690000048,20784
1.9331235170000127,20784
1.93375029500001,20784
1.9343768690000047,20768
1.9350029610000092,20768
1.9356289430000118,20640
1.9362551650000057,20608
1.9368814059999977,20608
1.9375074240000174,20736
1.9381334610000067,20752
1.93875992400001,20752
1.9393867020000073,20752
1.9400133500000152,20752
1.940639424000011,20752
1.9412659799999972,20752
1.9418925360000117,20752
1.9425189800000169,20768
1.9431449980000082,20768
1.943771517000016,20768
1.9443982210000001,20768
1.9450246650000054,20768
1.9456508500000211,20784
1.9462773870000092,20800
1.9469041100000197,20800
1.9475309240000058,20800
1.948157387000009,20800
1.9487841840000044,20784
1.9494105729999944,20800
1.9500372020000043,20800
1.950663923999997,20800
1.951290221000022,20800
1.9519165170000008,20800
1.9525428690000126,20784
1.95316964700001,20784
1.953796312999998,20768
1.954422257999994,20784
1.955048387000005,20768
1.955674461000001,20752
1.9563007210000194,20752
1.9569270730000028,20752
1.9575530360000073,20752
1.9581796650000172,20752
1.9588056649999999,20752
1.959432387000021,20736
1.960058497999995,20736
1.9606845910000175,20752
1.96131070200002,20752
1.9619373689999975,20752
1.9625636650000047,20768
1.9631898320000118,20768
1.9638164060000065,20768
1.9644424429999958,20768
1.9650690729999951,20768
1.9656952020000062,20784
1.966321387000022,20800
1.9669479610000167,20800
1.967574184,20816
1.96820068400001,20800
1.968827202,20800
1.9694535910000184,20800
1.9700799800000084,20800
1.9707066470000143,20800
1.9713332950000222,20800
1.9719593869999983,20784
1.9725857210000015,20784
1.9732121650000067,20784
1.9738384980000205,20784
1.9744649609999954,20784
1.9750912020000158,20768
1.9757172950000097,20768
1.9763436470000215,20768
1.976969906000022,20752
1.9775961100000075,20752
1.9782221100000186,20752
1.978848276000008,20752
1.9794751100000099,20752
1.9801018500000112,20736
1.9807282950000058,20752
1.981354758000009,20752
1.9819814980000103,20752
1.982607776000009,20768
1.983234610000011,20768
1.983861294999997,20768
1.9844880539999963,20768
1.9851143690000015,20768
1.9857408690000113,20784
1.986367128000012,20800
1.9869935730000066,20784
1.987619757999994,20800
1.9882457950000116,20800
1.9888719060000142,20800
1.9894984800000088,20800
1.9901246839999942,20816
1.9907506840000053,20800
1.9913772760000086,20800
1.992003331999996,20784
1.9926292580000222,20784
1.993255720999997,20784
1.9938818130000016,20784
1.9945079059999955,20784
1.9951340910000113,20768
1.9957608500000106,20752
1.9963869430000045,20752
1.997013480000021,20768
1.9976397390000216,20752
1.998265943000007,20752
1.9988920730000075,20752
1.9995182950000014,20752
2.0001450540000008,20736
2.0007714609999994,20752
2.001398165000012,20752
2.0020242950000124,20752
2.002650423999995,20768
2.0032771840000123,20768
2.0039038689999984,20768
2.0045304610000017,20768
2.00515685000002,20784
2.0057834610000214,20800
2.00640961000002,20800
2.0070360349999987,20800
2.007662480000022,20800
2.0082884610000065,20800
2.008915201999997,20816
2.009541258000013,20816
2.0101674240000023,20816
2.0107942019999996,20800
2.011420610000016,20800
2.012047424000002,20784
2.0126742209999975,20784
2.0133005170000047,20800
2.0139265730000204,20784
2.0145527390000098,20784
2.0151786840000057,20768
2.015804628000012,20752
2.0164309060000107,20752
2.0170574060000206,20752
2.0176835729999993,20752
2.0183096279999972,20752
2.0189360910000005,20752
2.019562221000001,20752
2.02018836900001,20736
2.02081486900002,20736
2.021441164999999,20752
2.022067480000004,20736
2.022693849999996,20768
2.023320443000017,20752
2.0239472210000145,20752
2.024573349999997,20768
2.0251999060000117,20784
2.025826202000019,20784
2.026452961000018,20784
2.0270795910000174,20800
2.027705591,20816
2.0283320350000054,20816
2.02895859100002,20800
2.0295849430000032,20800
2.030211572000013,20800
2.030837961000003,20800
2.0314647390000005,20800
2.0320912020000037,20800
2.0327174060000175,20784
2.033343739000003,20784
2.033970350000004,20784
2.0345964980000133,20768
2.0352229800000146,20768
2.035849072000019,20752
2.03647568400001,20752
2.037101684000021,20752
2.03772772100001,20752
2.0383542390000002,20592
2.038981035000006,20608
2.0396076840000035,20608
2.04023422100002,20752
2.0408605350000073,20752
2.041486887000019,20768
2.04211362800001,20752
2.0427404240000158,20768
2.0433664060000183,20768
2.043992832000015,20768
2.044619369000003,20784
2.045245813000008,20784
2.0458724979999943,20784
2.0464991100000134,20800
2.0471253130000093,20800
2.0477516280000145,20800
2.0483777950000217,20800
2.0490039430000024,20800
2.049629887000009,20800
2.050256054000016,20800
2.0508821650000186,20800
2.0515082580000126,20800
2.052134350000017,20784
2.0527606470000137,20784
2.053387110000017,20784
2.0540132760000063,20784
2.0546394980000002,20768
2.0552658130000054,20768
2.0558923320000133,20752
2.0565187210000033,20752
2.0571454980000112,20768
2.057772017000019,20736
2.0583984980000025,20752
2.0590252390000217,20736
2.0596518499999945,20752
2.0602779060000103,20752
2.0609042210000155,20752
2.061530387000005,20752
2.062156554000012,20752
2.0627829059999954,20768
2.063409684000021,20768
2.0640357020000124,20768
2.064661684000015,20784
2.0652877760000194,20784
2.0659145350000188,20784
2.0665409610000154,20784
2.0671674430000166,20784
2.067793628000004,20800
2.06842029500001,20800
2.069046887000013,20816
2.0696728690000157,20800
2.0702989979999984,20800
2.0709253320000016,20800
2.0715520539999943,20800
2.072178387000008,20800
2.0728046840000047,20784
2.0734309430000053,20784
2.074057572000015,20768
2.0746843690000105,20768
2.0753110349999986,20768
2.0759369799999945,20752
2.0765633870000215,20752
2.077189517000022,20752
2.0778159240000207,20736
2.0784422579999955,20752
2.0790689800000166,20736
2.0796949610000013,20736
2.0803215170000158,20736
2.0809478129999945,20752
2.0815745910000203,20752
2.082201257999998,20752
2.0828272760000175,20752
2.083453646999999,20768
2.084080221000022,20768
2.0847065350000094,20784
2.085332832000006,20768
2.0859594060000006,20784
2.086586110000013,20800
2.087212647000001,20784
2.0878387390000057,20800
2.0884651089999977,20800
2.0890916090000076,20800
2.0897178130000214,20800
2.090343813000004,20800
2.0909699240000066,20800
2.091596350000003,20784
2.092222702000015,20784
2.092849498000021,20784
2.0934762390000117,20784
2.094102590999995,20768
2.094728591000006,20768
2.0953546279999955,20752
2.0959806470000046,20752
2.096606887000007,20752
2.097233109000001,20752
2.09786916500002,20736
2.0984957760000214,20752
2.099122386999994,20752
2.0997491280000133,20736
2.100375127999996,20752
2.101001924000002,20752
2.1016281470000138,20752
2.102254775999995,20752
2.1028812210000183,20768
2.103507368999999,20752
2.104134165000005,20768
2.1047605720000035,20784
2.1053869060000068,20784
2.1060137020000127,20800
2.106639721000022,20800
2.107266535000008,20800
2.1078929800000026,20800
2.108519258000001,20800
2.109145312999999,20800
2.1097720719999984,20816
2.1103985170000215,20816
2.1110244609999995,20800
2.1116504610000106,20784
2.1122772020000014,20800
2.1129039610000007,20784
2.1135299980000184,20784
2.1141562020000038,20784
2.1147830170000077,20768
2.115409795000005,20768
2.116036109000021,20752
2.1166621469999995,20752
2.117288887000001,20752
2.1179152580000107,20752
2.11854201700001,20736
2.1191687580000007,20736
2.119795128000021,20736
2.1204216280000026,20736
2.1210478130000183,20752
2.121674258000013,20752
2.122300776000003,20752
2.1229269610000188,20752
2.123553184000002,20768
2.124179517000016,20768
2.12480635,20784
2.1254329610000013,20784
2.1260597020000205,20800
2.1266860910000105,20784
2.1273127020000118,20800
2.1279387760000077,20800
2.12856548000002,20800
2.129191554000016,20800
2.129817628000012,20800
2.130443776000021,20800
2.1310703320000073,20784
2.1316970720000086,20784
2.1323238319999973,20784
2.132949795000002,20784
2.1335762020000004,20768
2.134202258000016,20768
2.134828534999997,20768
2.135455016999998,20768
2.1360814610000034,20752
2.136708201999994,20768
2.1373341839999966,20752
2.1379609060000178,20752
2.1385871090000137,20752
2.1392135540000083,20736
2.1398401840000076,20752
2.140466332000017,20752
2.141092647000022,20672
2.141718591,20592
2.142345258000006,20608
2.1429718500000092,20704
2.1435978690000184,20752
2.144223998000001,20784
2.144850202000015,20768
2.1454763499999956,20784
2.146102331999998,20784
2.14672881300001,20800
2.1473554430000092,20800
2.1479818130000012,20800
2.1486083690000157,20800
2.149234406000005,20800
2.149860923999995,20800
2.1504868690000194,20800
2.151112850000004,20784
2.1517389800000046,20800
2.152365276000012,20784
2.152991479999997,20784
2.153617534999995,20784
2.154244220999999,20768
2.1548701460000075,20768
2.1554964610000127,20752
2.15612262800002,20768
2.1567493690000106,20752
2.157375980000012,20752
2.158002831999994,20752
2.158629387000019,20752
2.1592553690000216,20752
2.159881628000022,20752
2.16050816500001,20752
2.161134813000018,20752
2.1617608500000074,20768
2.1623873130000106,20768
2.1630140540000014,20768
2.1636407020000092,20768
2.164267054000021,20768
2.1648937209999985,20784
2.165520108999999,20784
2.1661468690000163,20800
2.1667737020000004,20800
2.1673999239999944,20800
2.1680260170000167,20800
2.168651960999995,20800
2.1692781840000066,20800
2.16990477600001,20800
2.170531387000011,20800
2.1711574060000203,20800
2.171783832000017,20800
2.172409869000006,20784
2.173036498000016,20784
2.173663332000018,20784
2.1742894980000074,20784
2.1749162760000047,20784
2.175542813000021,20768
2.176169535000014,20752
2.17679560900001,20752
2.1774220350000064,20752
2.1780481090000023,20736
2.178674684000015,20752
2.179301498000001,20736
2.1799282949999963,20736
2.1805545910000035,20752
2.181180980000022,20752
2.1818076280000014,20752
2.182434184000016,20752
2.183060721000004,20768
2.1836869610000065,20752
2.1843131090000156,20768
2.184939608999997,20768
2.1855657210000174,20784
2.18619196100002,20800
2.186818795000022,20800
2.187444886999998,20800
2.188070924000016,20800
2.188697609000002,20816
2.189323628000011,20816
2.1899502580000103,20800
2.190576961000005,20800
2.1912036840000155,20800
2.1918302210000036,20800
2.192456739000022,20784
2.1930831840000167,20784
2.193709960999996,20784
2.194336017000012,20784
2.194962832000016,20768
2.195589424000019,20752
2.1962159980000138,20752
2.196842701999998,20752
2.197469443000017,20752
2.1980958690000136,20752
2.198721906000003,20752
2.199348054000012,20752
2.1999741650000146,20736
2.200600332000022,20752
2.2012268870000185,20752
2.201853387,20752
2.2024798319999945,20752
2.2031062759999998,20768
2.2037323870000023,20768
2.20435903500001,20784
2.20498540600002,20784
2.2056120350000015,20784
2.2062382020000086,20784
2.206864238999998,20800
2.2074905169999965,20800
2.2081169610000018,20800
2.2087436460000163,20816
2.2093700169999977,20800
2.209996739000019,20800
2.210623498000018,20800
2.21124973900001,20784
2.2118761650000067,20800
2.2125028500000212,20800
2.213129331999994,20784
2.21375564600001,20784
2.214382182999998,20784
2.2150082950000183,20768
2.2156347580000215,20752
2.216261553999999,20752
2.2168881089999957,20752
2.217514721000015,20752
2.2181411090000154,20752
2.2187678129999995,20752
2.219394035000022,20736
2.2200206090000165,20752
2.2206467759999953,20752
2.221273034999996,20752
2.2218994060000057,20752
2.222525554000015,20768
2.223151572000006,20768
2.223777646000002,20768
2.224404387000021,20768
2.2250312019999967,20784
2.225657443000017,20784
2.226283424000002,20784
2.2269101280000143,20800
2.2275367580000136,20800
2.228163054000021,20800
2.2287897760000135,20800
2.229416127999997,20800
2.2300423320000107,20800
2.2306687210000007,20800
2.2312947759999986,20800
2.231921313000015,20800
2.232547460999996,20784
2.233173721000014,20784
2.2337999060000016,20784
2.234426146000004,20768
2.235052405999994,20768
2.2356787760000145,20768
2.236304813000004,20752
2.2369310720000044,20768
2.237557664999997,20752
2.2381842949999964,20752
2.2388103499999943,20752
2.2394369060000088,20736
2.240062887000022,20752
2.240689646000021,20752
2.2413164799999947,20752
2.241942628000004,20752
2.2425687580000044,20720
2.24319494300002,20608
2.2438212950000036,20608
2.244447887000007,20672
2.2450738690000094,20784
2.245700424000006,20784
2.2463270169999987,20784
2.246953165000008,20800
2.247579720999994,20800
2.2482060350000097,20800
2.248832646000011,20800
2.249458832000016,20800
2.250085258000013,20800
2.250711942999999,20800
2.2513381280000146,20800
2.251964424000022,20800
2.2525911460000145,20784
2.2532178870000052,20784
2.253843961000001,20768
2.254470609000009,20784
2.255097276000015,20768
2.255723350000011,20768
2.256349591000003,20752
2.256976350000002,20752
2.2576027580000186,20752
2.258229646000018,20752
2.2588556830000073,20752
2.2594821460000105,20752
2.2601083320000157,20752
2.2607348870000123,20752
2.2613614980000136,20752
2.261987701999999,20768
2.2626144060000115,20768
2.2632404610000094,20768
2.2638670720000107,20768
2.264493387000016,20784
2.2651193869999986,20784
2.2657458320000217,20784
2.2663725350000163,20800
2.266999109000011,20800
2.2676252390000116,20800
2.2682519610000043,20800
2.268878182999998,20800
2.269504980000022,20800
2.2701312760000008,20816
2.270757906,20800
2.2713843500000053,20800
2.272011146000011,20784
2.272637145999994,20784
2.273263758000013,20784
2.2738900909999984,20784
2.2745162390000075,20768
2.275142869000007,20768
2.275769609000008,20752
2.2763955720000126,20752
2.2770222759999967,20752
2.277648295000006,20736
2.2782748500000025,20752
2.2789012199999945,20752
2.2795277019999958,20752
2.280154443000015,20736
2.2807813130000056,20752
2.281407776000009,20752
2.282034572000015,20752
2.282661109000003,20752
2.2832875170000193,20768
2.2839143500000034,20768
2.284541090999994,20768
2.2851674059999993,20784
2.285793795000018,20800
2.286420535000019,20800
2.2870469060000005,20800
2.2876730720000182,20800
2.288299257999995,20800
2.28892581300002,20800
2.289552683000011,20800
2.2901789800000074,20816
2.2908051090000185,20800
2.291431572000022,20800
2.292057701999994,20784
2.2926842390000104,20784
2.2933105540000156,20784
2.293936905999999,20768
2.2945635170000003,20768
2.295189590999996,20768
2.2958163130000173,20768
2.296442720000016,20752
2.2970687950000013,20752
2.297694832000019,20752
2.2983214799999985,20752
2.298947702000021,20752
2.2995740350000062,20736
2.30020023900002,20752
2.3008269610000127,20752
2.3014531830000067,20752
2.3020797020000145,20768
2.3027064240000072,20752
2.303333239000011,20768
2.3039594239999985,20768
2.3045858870000018,20784
2.3052124240000182,20784
2.305839146000011,20784
2.306465220000007,20800
2.3070915720000187,20800
2.3077181090000067,20800
2.3083449610000173,20800
2.308971406000012,20800
2.3095981650000112,20800
2.3102245350000032,20800
2.3108510910000177,20800
2.311477443000001,20800
2.312104258000005,20800
2.312730739000017,20784
2.3133572389999983,20784
2.3139840169999957,20784
2.31461022000002,20768
2.3152368130000127,20768
2.3158632580000074,20752
2.316489758000017,20752
2.3171164059999967,20752
2.317742998,20752
2.318369017000009,20736
2.318995665000017,20752
2.319621739000013,20752
2.320247887000022,20752
2.320873997999996,20768
2.321500350000008,20768
2.322126850000018,20752
2.3227528320000204,20768
2.3233790540000143,20768
2.3240056460000176,20784
2.3246317390000115,20784
2.3252581830000167,20784
2.3258844610000153,20784
2.3265111280000212,20784
2.3271374980000132,20800
2.3277635350000025,20800
2.3283897200000183,20800
2.329016480000007,20816
2.329642813000021,20800
2.3302691279999976,20800
2.330895443000003,20800
2.3315213690000007,20784
2.3321474429999967,20800
2.3327739240000085,20800
2.333400628000021,20784
2.334026998000013,20784
2.334653091000007,20784
2.3352798129999996,20768
2.335906498000014,20768
2.336532720000008,20768
2.3371587020000106,20752
2.3377847570000085,20752
2.338411183000005,20752
2.3390371650000077,20752
2.3396639610000136,20752
2.340290276000019,20736
2.3409167760000003,20752
2.341543572000006,20768
2.3421702570000207,20752
2.342796609000004,20768
2.343422701999998,20768
2.3440487390000158,20768
2.344674795000003,20768
2.3453013870000063,20784
2.3459277949999944,20704
2.346554609000009,20640
2.347181295000013,20640
2.3478079430000207,20720
2.3484342389999995,20800
2.349060795000014,20800
2.3496875540000133,20800
2.3503139430000033,20800
2.350940350000002,20800
2.351566369000011,20800
2.3521923320000155,20800
2.352818276000022,20784
2.353444386999996,20784
2.35407072000001,20784
2.3546970720000218,20768
2.355323924000004,20752
2.3559498870000084,20752
2.3565766460000077,20752
2.357203424000005,20752
2.3578298500000017,20752
2.3584564980000096,20752
2.359083109000011,20736
2.359709369000001,20736
2.3603357390000212,20752
2.360961887000002,20752
2.3615879980000045,20752
2.362214590999997,20768
2.3628405720000103,20752
2.3634670540000116,20768
2.3640931829999943,20768
2.364719164999997,20784
2.3653455719999954,20784
2.36597225700001,20800
2.3665989980000006,20784
2.367225128000001,20800
2.36787003500001,20800
2.3684963130000085,20800
2.369122276000013,20800
2.3697487200000182,20816
2.370374738999999,20800
2.371001535000005,20800
2.3716275910000206,20800
2.3722542950000047,20784
2.3728804060000073,20784
2.37350723900002,20784
2.3741335170000184,20768
2.3747595720000163,20768
2.375385719999997,20768
2.3760123689999944,20768
2.376638702000008,20752
2.377265276000003,20752
2.3778918689999955,20752
2.3785184240000206,20752
2.3791448130000106,20736
2.3797709800000177,20752
2.380397627999997,20736
2.3810237389999998,20736
2.3816502390000096,20752
2.382276554000015,20768
2.382902572000006,20768
2.383528628000022,20768
2.3841550719999987,20768
2.3847814240000105,20784
2.3854076650000025,20784
2.386033850000018,20800
2.386659868999999,20800
2.3872858870000186,20800
2.38791236900002,20800
2.388539054000006,20816
2.389165406000018,20800
2.389791443000007,20816
2.390418072000017,20800
2.3910444240000004,20784
2.391670628000014,20784
2.392297183000011,20768
2.392923534999994,20768
2.3935497950000126,20768
2.3941763500000093,20752
2.394802313000014,20752
2.3954289800000197,20736
2.3960552020000137,20736
2.3966812019999963,20736
2.3973079240000175,20736
2.397934054000018,20704
